前提文	仮説文	正解ラベル
WFは血栓予防を目的に汎用される。	WFは血栓を予防することを目的に汎用される。	entailment
WFは血栓予防を目的に汎用される。	WFは血栓だけ予防することを目的に汎用される。	neutral
投与量の設定に苦慮する。	投与する量の設定に苦慮する。	entailment
投与量の設定に苦慮する。	投与する時間の設定に苦慮する。	neutral
WFの血中濃度測定を行う。	WFの血中濃度を測定する。	entailment
WFの血中濃度測定を行う。	WFの濃度を測定する。	entailment
脳梗塞と左房内血栓に対してWF投与開始した。	脳梗塞と左房内血栓に対してWF投与を開始した。	entailment
脳梗塞、左房内血栓に対してWF投与開始した。	脳梗塞、左房内血栓に対してWF投与が開始された。	entailment
脳梗塞、左房内血栓に対してWF投与開始した。	脳梗塞、左房内血栓に対してWFを投与した。	entailment
脳梗塞、左房内血栓に対してWF投与開始した。	脳梗塞、左房内血栓に対してWFが投与された。	entailment
脳梗塞、左房内血栓に対してWF投与開始した。	脳梗塞、左房内血栓に対してWFのみ投与した。	neutral
脳梗塞、左房内血栓に対してWF投与開始した。	脳梗塞、左房内血栓に対してWF投与のみ開始された。	neutral
脳梗塞、左房内血栓に対してWF投与開始した。	脳梗塞、右房内血栓に対してWF投与開始となった。	neutral
脳梗塞、左房内血栓に対してWF投与開始した。	心筋梗塞、左房内血栓に対してWF投与開始となった。	neutral
脳梗塞、左房内血栓に対してWF投与開始した。	脳梗塞に対してWFを投与した。	entailment
脳梗塞、左房内血栓に対してWF投与開始した。	脳梗塞に対してのみWFを投与した。	contradiction
脳梗塞、左房内血栓に対してWF投与開始した。	左房内血栓に対してWFを投与した。	entailment
脳梗塞、左房内血栓に対してWF投与開始した。	左房内血栓に対してのみWFを投与した。	contradiction
脳梗塞、左房内血栓に対してWF投与開始した。	右房内血栓に対してWF投与開始となった。	neutral
脳梗塞、左房内血栓に対してWF投与開始した。	心筋梗塞に対してWF投与開始となった。	neutral
肥大型心筋症に対してWF投与が開始された。	心筋症に対してWF投与が開始された。	entailment
肥大型心筋症に対してWF投与が開始された。	拡張型心筋症に対してWF投与が開始された。	neutral
肥大型心筋症に対してWF投与が開始された。	肥大型心筋症に対してWFを投与した。	entailment
WF投与が開始された。	WFを投与することが開始された。	entailment
非持続性心室頻拍が認められたため、アミオダロン併用となった。	非持続性の心室頻拍が認められたため、アミオダロン併用となった。	entailment
非持続性心室頻拍が認められたため、アミオダロン併用となった。	持続性心室頻拍が認められたため、アミオダロン併用となった。	contradiction
非持続性心室頻拍が認められたため、アミオダロン併用した。	非持続性心室頻拍が認められたため、アミオダロンを併用した。	entailment
脳梗塞、左房内血栓に対してWF投与開始した。	脳梗塞、血栓に対してWF投与開始した。	entailment
非持続性心室頻拍が認められたため、アミオダロン併用となった。	心室頻拍が認められたため、アミオダロン併用となった。	entailment
非持続性心室頻拍が認められたため、アミオダロン併用となった。	持続性の心室頻拍が認められたため、アミオダロン併用となった。	contradiction
リドカインは、心室性不整脈の治療薬として用いられている。	リドカインは、不整脈の治療薬として用いられている。	entailment
リドカインは、心室性不整脈の治療薬として用いられている。	リドカインは、心房細動の治療薬として用いられている。	neutral
リドカインは、肝障害の時に血中濃度上昇となる。	リドカインは、肝障害の時に血中濃度が上昇となる。	entailment
リドカインは、肝障害の時に血中濃度上昇となる。	リドカインは、肝障害の時に血中濃度が低下する。	contradiction
リドカインは、肝障害の時に血中濃度上昇となる。	リドカインは、肝障害の時に血中濃度低下となる。	contradiction
リドカインは、肝障害の時に血中濃度上昇となる。	リドカインは、腎障害の時に血中濃度上昇となる。	neutral
リドカインは、肝障害の時に血中濃度上昇となる。	リドカインは、肝不全の時に血中濃度上昇となる。	neutral
拡張型心筋症の男性が、心室頻拍により意識消失となった。	拡張型心筋症の男性が、心室頻拍により意識を消失した。	entailment
拡張型心筋症の男性が、心室頻拍により意識消失となった。	拡張型心筋症の男性が、心室頻拍により意識清明となった。	contradiction
拡張型心筋症の男性が、心室頻拍により意識消失となった。	肥大型心筋症の男性が、心室頻拍により意識消失となった。	neutral
拡張型心筋症の男性が、心室頻拍により意識消失となった。	拘束型心筋症の男性が、心室頻拍により意識消失となった。	neutral
拡張型心筋症の男性が、心室頻拍により意識消失となった。	心筋症の男性が、心室頻拍により意識消失となった。	entailment
リドカイン血中濃度が高かった。	リドカインの血中濃度が高かった。	entailment
心室頻拍出現のためメキシチレン開始した。	心室頻拍出現のためメキシチレンを開始した。	entailment
心室頻拍出現のためメキシチレン開始した。	心室頻拍出現のためメキシチレンを終了した。	contradiction
心室頻拍出現のためメキシチレン開始した。	心室頻拍出現のためメキシチレンを再開した。	neutral
心室頻拍出現したためメキシチレン開始した。	心室頻拍が出現したためメキシチレン開始となった。	entailment
心室頻拍出現したためメキシチレン開始した。	心室頻拍が消失したためメキシチレン開始となった。	contradiction
リドカイン投与量を減量したが、血中濃度が上昇した。	リドカインを投与する量を減量したが、血中濃度が上昇した。	entailment
リドカイン投与量を減量したが、血中濃度が上昇した。	リドカインの投与量を減量したが、血中濃度が上昇した。	entailment
リドカイン投与量を減量したが、血中濃度が上昇した。	リドカインのみ投与量を減量したが、血中濃度が上昇した。	neutral
リドカイン投与量を減量したが、血中濃度が上昇した。	リドカインに投与する量を減量したが、血中濃度が上昇した。	neutral
拡張型心筋症の男性が、心室頻拍により意識消失となった。	拡張型の心筋症の男性が、心室頻拍により意識消失となった。	entailment
キャンディン系抗真菌薬のミカファンギンは抗真菌スペクトルを有する。	キャンディン系の抗真菌薬のミカファンギンは抗真菌スペクトルを有する。	entailment
キャンディン系抗真菌薬のミカファンギンは抗真菌スペクトルを有する。	ポリエン系抗真菌薬のミカファンギンは抗真菌スペクトルを有する。	contradiction
MCFG使用頻度が増加している。	MCFGを使用する頻度が増加している。	entailment
MCFG使用頻度が増加している。	MCFGを使用する回数が増加している。	neutral
MCFG使用頻度が増加している。	MCFGを使用する量が増加している。	neutral
MCFG使用頻度が増加している。	MCFGの使用頻度が増加している。	entailment
MCFGは尿路感染症に対する使用報告が少ない。	MCFGは尿路感染症に対して使用しなかった報告が少ない。	contradiction
MCFGは尿路感染症に対する使用報告が少ない。	MCFGは皮膚感染症に対する使用報告が少ない。	neutral
MCFGは尿路感染症に対する使用報告が少ない。	MCFGは真菌感染症に対する使用報告が少ない。	neutral
MCFGは尿路感染症に対する使用報告が少ない。	MCFGは膀胱炎に対する使用報告が少ない。	neutral
MCFGは尿中排泄率が低い。	MCFGは尿中への排泄率が低い。	entailment
MCFGは尿中排泄率が低い。	MCFGは尿中排泄量が低い。	neutral
MCFGは尿中排泄率が低い。	MCFGは尿中への排泄頻度が低い。	neutral
Candida尿路感染症に対してMCFG投与した。	クラミジア尿路感染症に対してMCFGを投与した。	neutral
Candida尿路感染症に対してMCFG投与した。	カンジダ尿路感染症に対してMCFGを投与した。	entailment
Candida尿路感染症に対してMCFG投与した。	Candida尿路感染症に対してミカファンギンを投与した。	entailment
Candida尿路感染症に対してMCFG投与した。	Candida尿路感染症に対してカスポファンギンを投与した。	neutral
MRSA肺炎に対してバンコマイシンを投与され改善傾向にあった。	MRSA肺炎に対してバンコマイシンを投与され改善する傾向にあった。	entailment
MRSA肺炎に対してバンコマイシンを投与され改善傾向にあった。	MRSA肺炎に対してバンコマイシンを投与され改善した。	neutral
MRSA肺炎に対してバンコマイシンを投与され改善傾向にあった。	肺炎に対してバンコマイシンを投与され改善傾向にあった。	entailment
MRSA肺炎に対してバンコマイシンを投与され改善傾向にあった。	ウイルス性肺炎に対してバンコマイシンを投与され改善傾向にあった。	neutral
酵母様真菌が検出され、尿路感染症と考えられたため、MCFG投与開始。	酵母様真菌が検出され、尿路感染症と考えられたため、MCFGを投与開始した。	entailment
酵母様真菌が検出され、尿路感染症と考えられたため、MCFG投与開始。	酵母様真菌が検出され、尿路感染症と考えられたため、CPFGを投与開始した。	neutral
酵母様真菌が検出され、尿路感染症と考えられたため、MCFG投与開始。	酵母様真菌が検出され、尿路感染症と考えられたため、MCFG投与を開始した。	entailment
酵母様真菌が検出され、尿路感染症と考えられたため、MCFG投与開始。	酵母様真菌が検出され、尿路感染症と考えられたため、CPFG投与を開始した。	neutral
酵母様真菌が検出され、尿路感染症と考えられたため、MCFG投与開始。	酵母様真菌が検出され、尿路感染症と考えられたため、MCFGを投与した。	entailment
酵母様真菌が検出され、尿路感染症と考えられたため、MCFG投与開始。	酵母様真菌が検出され、尿路感染症と考えられたため、CPFGを投与した。	neutral
酵母様真菌が検出され、尿路感染症と考えられたため、MCFG投与開始。	酵母様真菌が検出され、尿路感染症と考えられたため、CPFG投与開始。	neutral
酵母様真菌が検出され、尿路感染症と考えられたため、MCFG投与開始。	酵母様真菌が検出され、尿路感染症と考えられたため、MCFG投与再開。	neutral
酵母様真菌が検出され、尿路感染症と考えられたため、MCFG投与開始。	酵母様真菌が検出され、尿路感染症と考えられたため、MCFG投与終了。	neutral
酵母様真菌が検出され、尿路感染症と考えられたため、MCFG投与開始。	酵母様真菌が検出され、感染症と考えられた。	entailment
酵母様真菌が検出され、尿路感染症と考えられたため、MCFG投与開始。	酵母様真菌が検出され、膀胱炎と考えられた。	neutral
左尿管ステント挿入が背景にあり、尿道カテーテルが留置されていた。	右尿管ステント挿入が背景にあり、尿道カテーテルが留置されていた。	neutral
左尿管ステント挿入が背景にあり、尿道カテーテルが留置されていた。	左尿管にステントを挿入した。	entailment
左尿管ステント挿入が背景にあり、尿道カテーテルが留置されていた。	左尿管にステントを挿入したことが背景にあり、尿道カテーテルが留置されていた。	entailment
左尿管ステント挿入が背景にあり、尿道カテーテルが留置されていた。	尿管にステントを挿入したことが背景にあり、尿道カテーテルが留置されていた。	entailment
左尿管ステント挿入が背景にあり、尿道カテーテルが留置されていた。	尿にステント挿入したことが背景にあり、尿道カテーテルが留置されていた。	neutral
CTにて左腸腰筋膿瘍を認めた。	CTにて右腸腰筋膿瘍を認めた。	neutral
CTにて左腸腰筋膿瘍を認めた。	CTにて腸腰筋膿瘍を認めた。	entailment
CTにて左腎膿瘍を認めた。	CTにて右腎膿瘍を認めた。	neutral
CTにて左腎膿瘍を認めた。	CTにて腎膿瘍を認めた。	entailment
CTにて左腸腰筋膿瘍と左腎膿瘍を認めた。	CTにて膿瘍を認めた。	entailment
MCFGを投与開始した。	MCFGを投与することを開始した。	entailment
MCFGを投与開始した。	MCFGを投与した。	entailment
MCFGを投与開始した。	MCFGを投与終了した。	contradiction
尿培養からの真菌消失と臨床所見の改善を認めた。	血液培養からの真菌消失と臨床所見の改善を認めた。	neutral
尿培養からの真菌消失と臨床所見の改善を認めた。	尿からの真菌消失と臨床所見の改善を認めた。	neutral
尿培養からの真菌消失と臨床所見の改善を認めた。	培養からの真菌消失と臨床所見の改善を認めた。	entailment
尿培養からの真菌消失と臨床所見の改善を認めた。	尿培養から真菌が消失した。	entailment
尿培養からの真菌消失と臨床所見の改善を認めた。	尿培養からの真菌出現と臨床所見の改善を認めた。	contradiction
尿培養からの真菌消失と臨床所見の改善を認めた。	尿培養からの真菌消失と検査所見の改善を認めた。	neutral
MCFGは尿路感染症に対する使用報告が少ない。	MCFGは尿路感染症に対して使用した報告が少ない。	entailment
Candida尿路感染症に対してMCFG投与した。	尿路感染症に対してMCFG投与した。	entailment
Candida尿路感染症に対してMCFG投与した。	感染症に対してMCFG投与した。	entailment
Candida尿路感染症に対してMCFG投与した。	Candida尿路感染症に対してMCFGを投与した。	entailment
MCFGを投与開始した。	MCFG投与を開始した。	entailment
MRSA肺炎に対してバンコマイシン投与され改善傾向にあった。	MRSA肺炎に対してバンコマイシンを投与され改善傾向にあった。	entailment
尿培養から真菌消失を認めた。	尿培養から真菌が消失した。	entailment
VancomycinはMRSA肺炎治療の第一選択薬である。	Vancomycinは非定型肺炎を治療するための第一選択薬である。	neutral
臨床効果判定及び副作用回避を目的としてTDMが実施されている。	臨床効果の判定及び副作用回避を目的としてTDMが実施されている。	entailment
臨床効果判定及び副作用回避を目的としてTDMが実施されている。	臨床効果を判定すること及び副作用回避を目的としてTDMが実施されている。	entailment
臨床効果判定及び副作用回避を目的としてTDMが実施されている。	臨床効果判定と副作用の回避を目的としてTDMが実施されている。	entailment
臨床効果判定及び副作用回避を目的としてTDMが実施されている。	臨床効果判定及び副作用を回避することを目的としてTDMが実施されている。	entailment
臨床効果判定及び副作用回避を目的としてTDMが実施されている。	臨床効果を判定することだけを目的としてTDMが実施されている。	contradiction
臨床効果判定及び副作用回避を目的としてTDMが実施されている。	副作用を回避することだけを目的としてTDMが実施されている。	contradiction
臨床効果判定及び副作用回避を目的としてTDMが実施されている。	臨床効果判定を目的としてTDMが実施されている。	entailment
臨床効果判定及び副作用回避を目的としてTDMが実施されている。	副作用回避を目的としてTDMが実施されている。	entailment
臨床効果判定及び副作用回避を目的としてTDMが実施されている。	薬物投与を目的としてTDMが実施されている。	neutral
VCMの臨床効果は作用時間に依存する。	VCMの臨床効果は作用する時間に依存する。	entailment
VCMの臨床効果は作用時間に依存する。	VCMの臨床効果は作用時期に依存する。	neutral
VCMの臨床効果は作用時間に依存する。	VCMの効果は作用時間に依存する。	entailment
患者がMRSA肺炎と診断された。	患者がウイルス性肺炎と診断された。	neutral
患者がMRSA肺炎と診断された。	患者が細菌性肺炎と診断された。	entailment
VancomycinはMRSA肺炎治療の第一選択薬である。	VancomycinはMRSA肺炎を治療するための第一選択薬である。	entailment
VancomycinはMRSA肺炎治療に有効である。	VancomycinはMRSA肺炎を治療することに有効である。	entailment
患者がMRSA肺炎と診断された。	患者が肺炎と診断された。	entailment
リン酸二カリウム注を投与中止。	リン酸二カリウム注の投与を中止した。	entailment
リン酸二カリウム注を投与中止。	リン酸二カリウム注投与を中止した。	entailment
リン酸二カリウム注を投与中止。	リン酸二カリウム注を投与することを中止した。	entailment
リン酸二カリウム注を投与中止。	リン酸二カリウム注を投与開始。	contradiction
リン酸二カリウム注を投与中止。	リン酸二カリウム注を投与した。	entailment
外来患者に対して、内服薬確認及び服薬指導を開始した。	外来の患者に対して、内服薬確認及び服薬指導を開始した。	entailment
外来患者に対して、内服薬確認及び服薬指導を開始した。	患者に対して、内服薬確認及び服薬指導を開始した。	entailment
外来患者に対して、内服薬確認及び服薬指導を開始した。	入院患者に対して、内服薬確認及び服薬指導を開始した。	neutral
外来患者に対して、内服薬確認及び服薬指導を開始した。	外来患者に対して、内服薬を確認した。	entailment
外来患者に対して、内服薬確認及び服薬指導を開始した。	外来患者に対して、服薬を開始した。	neutral
外来患者に対して、内服薬確認及び服薬指導を開始した。	外来患者に対して、内服薬確認のみ開始した。	contradiction
外来患者に対して、内服薬確認及び服薬指導を開始した。	外来患者に対して、服薬指導のみ開始した。	contradiction
外来患者に対して、内服薬確認及び服薬指導を開始した。	外来患者に対して、内服薬確認と服薬指導を開始した。	entailment
内服薬確認で禁忌された薬の服用を回避した。	内服薬を確認した。	entailment
内服薬確認で禁忌薬の服用を回避した。	併用禁忌薬の服用を回避した。	entailment
当院消化器肝臓内科の医師より薬剤師に介入依頼があった。	医師より薬剤師に介入の依頼があった。	entailment
当院消化器肝臓内科の医師より薬剤師に介入依頼があった。	医師より薬剤師に介入するよう依頼があった。	entailment
当院消化器肝臓内科の医師より薬剤師に介入依頼があった。	当院の消化器肝臓内科の医師より薬剤師に介入依頼があった。	entailment
当院消化器肝臓内科の医師より薬剤師に介入依頼があった。	当院の消化器内科の医師より薬剤師に介入依頼があった。	neutral
当院消化器肝臓内科の医師より薬剤師に介入依頼があった。	消化器肝臓内科の医師より薬剤師に介入依頼があった。	entailment
外来患者にDCVを導入予定である。	外来の患者にDCVを導入予定である。	entailment
外来患者にDCVを導入予定である。	患者にDCVを導入予定である。	entailment
外来患者にDCVを導入予定である。	通院患者にDCVを導入予定である。	entailment
外来患者にDCVを導入予定である。	入院患者にDCVを導入予定である。	neutral
外来患者にDCV導入予定である。	外来患者にDCVを導入した。	contradiction
アドヒアランス確認を行なっている。	アドヒアランスを確認している。	entailment
アドヒアランス確認を行なっている。	コンプライアンス確認を行っている。	neutral
アドヒアランス確認、副作用モニタリング、新たな追加薬剤の有無の確認などを行なっている。	新たな薬剤の有無の確認などを行なっている。	entailment
C型慢性肝炎であった。	C型肝炎であった。	entailment
C型慢性肝炎であった。	慢性肝炎であった。	entailment
C型慢性肝炎であった。	肝炎であった。	entailment
C型慢性肝炎であった。	C型の肝炎であった。	entailment
C型慢性肝炎であった。	急性肝炎であった。	contradiction
C型慢性肝炎であった。	B型肝炎であった。	contradiction
内服薬確認を行った。	内服薬を確認した。	entailment
内服薬確認を行うと、DCVとの併用禁忌薬であるクラリスロマイシンを服用していることを発見した。	内服薬確認を行うと、DCVとの併用薬であるクラリスロマイシンを服用していることを発見した。	contradiction
当院消化器肝臓内科の医師が薬剤師に介入依頼をした。	医師が薬剤師に介入を依頼した。	entailment
外来患者にDCV導入予定である。	外来患者にDCVを導入する予定である。	entailment
内服薬確認で禁忌薬の服用を回避した。	内服薬確認で薬の服用を回避した。	neutral
C型慢性肝炎であった。	慢性の肝炎であった。	entailment
外来患者に対して、内服薬確認及び服薬指導を開始した。	外来患者に対して、服薬指導を開始した。	entailment
グリメピリドは、インスリン分泌促進作用とインスリン感受性改善作用を併せ持つ。	グリメピリドは、インスリン分泌を促進する作用とインスリン感受性改善作用を併せ持つ。	entailment
グリメピリドは、インスリン分泌促進作用とインスリン感受性改善作用を併せ持つ。	グリメピリドは、インスリンを分泌する作用とインスリン感受性改善作用を併せ持つ。	neutral
グリメピリドは、インスリン分泌促進作用とインスリン感受性改善作用を併せ持つ。	グリメピリドは、インスリン分泌促進作用とインスリン感受性を改善する作用を併せ持つ。	entailment
GP投与により、2型糖尿病患者における血糖改善効果がみられた。	GPを投与し、2型糖尿病患者における血糖改善効果がみられた。	entailment
GP投与により、2型糖尿病患者における血糖改善効果がみられた。	GPを投与することにより、2型糖尿病患者における血糖改善効果がみられた。	entailment
GP投与により、2型糖尿病患者における血糖改善効果がみられた。	グリメピリド投与により、2型糖尿病患者における血糖改善効果がみられた。	entailment
GP投与により、2型糖尿病患者における血糖改善効果がみられた。	グリクラジド投与により、2型糖尿病患者における血糖改善効果がみられた。	neutral
GP投与により、2型糖尿病患者において血糖改善効果がみられた。	GP投与により、2型の糖尿病患者において血糖改善効果がみられた。	neutral
GP投与により、2型糖尿病患者において血糖改善効果がみられた。	GP投与により、糖尿病患者において血糖改善効果がみられた。	entailment
GP投与により、2型糖尿病患者において血糖改善効果がみられた。	GP投与により、1型糖尿病患者において血糖改善効果がみられた。	neutral
GP投与により、2型糖尿病患者において血糖改善効果がみられた。	GP投与により、1型の糖尿病患者において血糖改善効果がみられた。	neutral
既存のSU剤と同等の血糖降下作用があることが示唆された。	既存のSU剤と同等の血糖が降下する作用があることが示唆された。	entailment
既存のSU剤と同等の血糖降下作用があることが示唆された。	既存のSU剤よりも血糖が降下する作用があることが示唆された。	contradiction
既存のSU剤と同等の血糖降下作用があることが示唆された。	既存のSU剤と同等の血糖が上昇する作用があることが示唆された。	contradiction
既存のSU剤と同等の血糖降下作用があることが示唆された。	既存のSU剤と同等の血糖上昇作用があることが示唆された。	contradiction
膵β細胞に対するインスリン分泌作用がマイルドである。	膵β細胞に対するインスリンを分泌する作用がマイルドである。	entailment
膵β細胞に対するインスリン分泌作用がマイルドである。	膵β細胞に対するインスリンの作用がマイルドである。	neutral
GP投与により、2型糖尿病患者において血糖改善効果がみられた。	GP投与により、2型糖尿病の患者において血糖改善効果がみられた。	entailment
GP投与により、2型糖尿病患者において血糖改善効果がみられた。	GP投与により、2型糖尿病患者において血糖が改善する効果がみられた。	entailment
GP投与により、2型糖尿病患者において血糖改善効果がみられた。	GP投与により、2型糖尿病患者において血糖改善する効果がみられた。	entailment
GP投与により、2型糖尿病患者において血糖改善効果がみられた。	GP投与により、2型糖尿病患者において血糖が改善した。	neutral
健診では異常所見はなかった。	健診では異常の所見はなかった。	entailment
嘔気出現し、近医受診した。	嘔気が出現し、近医受診した。	entailment
嘔気出現し、近医受診した。	嘔気出現し、近医を受診した。	entailment
嘔気出現し、近医受診した。	嘔気出現し、近医が受診した。	neutral
精査加療を目的に当院受診。	精査と加療を目的に当院受診。	entailment
精査加療を目的に当院受診。	精査加療を目的に当院を受診した。	entailment
精査加療を目的に当院受診。	精査または加療を目的に当院受診。	neutral
S-1休薬期間や尿量確保の必要性を明確にした。	S-1を休薬する期間や尿量確保の必要性を明確にした。	entailment
S-1休薬期間や尿量確保の必要性を明確にした。	S-1を休薬する時期や尿量確保の必要性を明確にした。	neutral
S-1休薬期間や尿量確保の必要性を明確にした。	S-1休薬期間や尿を確保することの必要性を明確にした。	neutral
TPN開始。	TPNを開始した。	entailment
TPN開始。	TPNを始めた。	entailment
進行胃癌の患者にS-1+CDDP療法が広く行われている。	胃癌の患者にS-1+CDDP療法が広く行われている。	entailment
健診では異常所見はなかった。	健診では異常はなかった。	entailment
S-1休薬期間や尿量確保の必要性を明確にした。	S-1休薬期間や尿量を確保することの必要性を明確にした。	entailment
進行胃癌の患者にS-1+CDDP療法が広く行われている。	早期胃癌の患者にS-1+CDDP療法が広く行われている。	neutral
精査加療を目的に当院受診。	精査加療を目的に他院を受診した。	neutral
血疾を主訴に当院紹介となり、非小細胞肺癌と診断された。	血疾を主訴に当院に紹介となり、非小細胞肺癌と診断された。	entailment
血疾を主訴に当院紹介となり、非小細胞肺癌と診断された。	血疾を主訴に当院紹介となり、小細胞肺癌と診断された。	contradiction
血疾を主訴に当院紹介となり、非小細胞肺癌と診断された。	血疾を主訴に当院紹介となり、肺癌と診断された。	entailment
発熱と炎症反応上昇を認めたため、LVFX投与を開始した。	炎症反応が上昇した。	entailment
発熱と炎症反応上昇を認めたため、LVFX投与を開始した。	炎症反応が降下した。	contradiction
発熱と炎症反応上昇を認めたため、LVFX投与を開始した。	発熱と炎症反応上昇を認めたため、LVFXを投与した。	entailment
炎症による多発肝腫瘤と判断し、抗生剤投与を継続した。	炎症による肝腫瘤と判断し、抗生剤投与を継続した。	entailment
炎症による多発肝腫瘤と判断し、抗生剤投与を継続した。	炎症による腫瘤と判断し、抗生剤投与を継続した。	entailment
炎症による多発肝腫瘤と判断し、抗生剤投与を継続した。	炎症による腫瘍と判断し、抗生剤投与を継続した。	neutral
炎症による多発肝腫瘤と判断し、抗生剤投与を継続した。	炎症による多発肝腫瘍と判断し、抗生剤投与を継続した。	neutral
炎症による肝腫瘤と判断し、抗生剤投与を継続した。	炎症による肝腫瘤と判断し、抗生剤を投与した。	entailment
炎症による肝腫瘤と判断し、抗生剤投与を継続した。	炎症による肝腫瘤と判断し、抗生剤を投与し続けた。	entailment
抗生剤投与開始したところ、炎症反応改善を認めた。	抗生剤投与を開始したところ、炎症反応改善を認めた。	entailment
抗生剤投与開始したところ、炎症反応改善を認めた。	抗生剤を投与したところ、炎症反応改善を認めた。	entailment
抗生剤投与開始したところ、炎症反応改善を認めた。	抗生剤を投与し始めたところ、炎症反応改善を認めた。	entailment
抗生剤投与開始したところ、炎症反応改善を認めた。	抗生剤投与開始したところ、炎症反応が改善した。	entailment
非小細胞肺癌に対して放射線化学療法を施行した。	肺癌に対して放射線化学療法を施行した。	entailment
非小細胞肺癌に対して放射線化学療法を施行した。	小細胞肺癌に対して放射線化学療法を施行した。	neutral
非小細胞肺癌に対して放射線化学療法を施行した。	大細胞癌に対して放射線化学療法を施行した。	neutral
抗PD-L1抗体投与が壊死性肝腫瘤発生に影響した。	抗PD-L1抗体を投与したことが壊死性肝腫瘤発生に影響した。	entailment
抗PD-L1抗体投与が壊死性肝腫瘤発生に影響した。	抗PD-L1抗体の投与が壊死性肝腫瘤発生に影響した。	entailment
抗PD-L1抗体投与が壊死性肝腫瘤発生に影響した。	抗PD-L1抗体が壊死性肝腫瘤発生に影響した。	neutral
抗PD-L1抗体投与が壊死性肝腫瘤発生に影響した。	抗PD-L1抗体投与が壊死性の肝腫瘤が発生することに影響した。	entailment
抗PD-L1抗体投与が壊死性肝腫瘤発生に影響した。	抗PD-L1抗体投与が壊死性肝腫瘤が発生することに影響した。	entailment
抗PD-L1抗体投与が壊死性肝腫瘤発生に影響した。	抗PD-L1抗体投与が壊死性肝腫瘤の発生に影響した。	entailment
抗PD-L1抗体投与が壊死性肝腫瘤発生に影響した。	抗PD-L1抗体投与が肝腫瘤発生に影響した。	neutral
抗PD-L1抗体投与が壊死性肝腫瘤発生に影響した。	抗PD-L1抗体投与が腫瘤発生に影響した。	neutral
抗PD-L1抗体投与が壊死性肝腫瘤発生に影響した。	抗PD-L1抗体投与が腫瘤が発生することに影響した。	neutral
炎症による肝腫瘤と判断し、抗生剤投与を継続した。	炎症による腎腫瘤と判断し、抗生剤投与を継続した。	neutral
炎症による肝腫瘤と判断し、抗生剤投与を継続した。	炎症による腫瘤と判断し、抗生剤投与を継続した。	entailment
血疾を主訴に当院紹介となり、非小細胞肺癌と診断された。	血疾を主訴に当院から紹介となり、非小細胞肺癌と診断された。	neutral
血疾を主訴に当院紹介となり、非小細胞肺癌と診断された。	血疾を主訴に当院を紹介となり、非小細胞肺癌と診断された。	neutral
発熱と炎症反応上昇を認めたため、LVFX投与を開始した。	発熱と炎症反応上昇を認めたため、LVFXを投与しなかった。	contradiction
胃癌に対して幽門側胃切除術が施行された。	胃癌に対して胃切除術が施行された。	entailment
胃癌に対して幽門側胃切除術が施行された。	幽門側の胃を切除した。	entailment
胃癌に対して幽門側胃切除術が施行された。	胃癌に対して噴門側胃切除術が施行された。	neutral
当院耳鼻咽喉科で喉頭癌に対しNivolumabを投与した。	当院の耳鼻咽喉科で喉頭癌に対しNivolumabを投与した。	entailment
当院耳鼻咽喉科で喉頭癌に対しNivolumabを投与した。	耳鼻咽喉科で喉頭癌に対しNivolumabを投与した。	entailment
当院耳鼻咽喉科で喉頭癌に対しNivolumabを投与した。	当院の耳鼻科で喉頭癌に対しNivolumabを投与した。	neutral
当院耳鼻咽喉科で喉頭癌に対しNivolumabを投与した。	当院耳鼻咽喉科で癌に対しNivolumabを投与した。	entailment
当院耳鼻咽喉科で喉頭癌に対しNivolumabを投与した。	当院耳鼻咽喉科で咽頭癌に対しNivolumabを投与した。	neutral
採血で肝障害を認め消化器内科に紹介となった。	採血で膵障害を認め消化器内科に紹介となった。	neutral
Nivolumab投与中止した後、PSL投与開始。	Nivolumab投与中止した後、PSL投与を開始。	entailment
Nivolumab投与中止した後、PSL投与開始。	Nivolumab投与中止した後、PSLを投与することを開始した。	entailment
Nivolumab投与中止した後、PSL投与開始。	Nivolumab投与中止した後、PSLを投与した。	entailment
Nivolumab投与中止した後、PSL投与開始。	PSLを投与開始した。	entailment
Nivolumab投与中止した後、PSL投与開始。	Nivolumab投与中止した後、PSLの投与を開始した。	entailment
Nivolumab投与中止した後、PSL投与開始。	Nivolumab投与中止した後、PSLの投与を中止した。	contradiction
胆管炎に改善が見られ、PSL終了とした。	胆管炎に改善が見られ、PSLを終了した。	entailment
腫瘍が増悪したため、Nivolumab投与再開した。	腫瘍が増悪したため、Nivolumab投与を再開した。	entailment
腫瘍が増悪したため、Nivolumab投与再開した。	Nivolumabを投与再開した。	entailment
腫瘍が増悪したため、Nivolumab投与再開した。	Nivolumabを投与した。	entailment
当院耳鼻咽喉科で喉頭癌に対しNivolumabを投与した。	当院で喉頭癌に対しNivolumabを投与した。	entailment
Nivolumab投与中止した後、PSL投与開始。	Nivolumab投与を中止した後、PSL投与開始。	entailment
Nivolumab投与中止した後、PSL投与開始。	Nivolumabを投与することを中止した。	entailment
Nivolumab投与中止した後、PSL投与開始。	Nivolumabを投与した。	entailment
Nivolumab休薬により腫瘍増悪した。	Nivolumab休薬により腫瘍が増悪した。	entailment
Nivolumab休薬により腫瘍増悪した。	Nivolumab休薬により腫瘍が改善した。	contradiction
Nivolumab休薬により腫瘍増悪した。	Nivolumabを休薬した。	entailment
Nivolumab投与中止した後、PSL投与開始。	Nivolumab投与した後、PSL投与開始。	neutral
採血で肝障害を認め消化器内科紹介となった。	採血で肝障害を認め消化器内科に紹介となった。	entailment
採血で肝障害を認め消化器内科紹介となった。	採血で肝障害を認め消化器内科から紹介となった。	neutral
当院耳鼻咽喉科で喉頭癌に対しNivolumab投与した。	当院耳鼻咽喉科で喉頭癌に対しNivolumabを投与した。	entailment
当院耳鼻咽喉科で喉頭癌に対しNivolumab投与した。	当院耳鼻咽喉科で喉頭癌に対しニボルマブを投与した。	entailment
肺転移を伴う外陰部悪性黒色腫に対して、当院皮膚科で抗PD1抗体のニボルマブが開始された。	肺に転移した外陰部悪性黒色腫に対して、当院皮膚科で抗PD1抗体のニボルマブが開始された。	entailment
肺転移を伴う外陰部悪性黒色腫に対して、当院皮膚科で抗PD1抗体のニボルマブが開始された。	肝転移を伴う外陰部悪性黒色腫に対して、当院皮膚科で抗PD1抗体のニボルマブが開始された。	neutral
外陰部悪性黒色腫に対して、当院皮膚科で抗PD1抗体のニボルマブが開始された。	外陰部の悪性黒色腫に対して、当院皮膚科で抗PD1抗体のニボルマブが開始された。	entailment
外陰部悪性黒色腫に対して、当院皮膚科で抗PD1抗体のニボルマブが開始された。	悪性黒色腫に対して、当院皮膚科で抗PD1抗体のニボルマブが開始された。	entailment
肺転移を伴う外陰部悪性黒色腫に対して、当院皮膚科で抗PD1抗体のニボルマブが開始された。	肺転移を伴う外陰部悪性黒色腫に対して、当院の皮膚科で抗PD1抗体のニボルマブが開始された。	entailment
肺転移を伴う外陰部悪性黒色腫に対して、当院皮膚科で抗PD1抗体のニボルマブが開始された。	肺転移を伴う外陰部悪性黒色腫に対して、皮膚科で抗PD1抗体のニボルマブが開始された。	entailment
肺転移巣は縮小傾向となった。	肺原発巣は縮小傾向となった。	neutral
肺転移巣は縮小傾向となった。	転移巣は縮小傾向となった。	entailment
肺転移巣は縮小傾向となった。	肺転移巣は縮小する傾向となった。	entailment
肺転移巣は縮小傾向となった。	肺転移巣は縮小した。	neutral
肺転移巣は縮小傾向となった。	肺転移巣は増大した。	contradiction
外陰部原発巣を切除した。	肺原発巣を切除した。	neutral
外陰部原発巣を切除した。	外陰部転移巣を切除した。	neutral
外陰部原発巣を切除した。	原発巣を切除した。	entailment
外陰部に転移巣出現、肺転移巣も増大傾向となった。	外陰部に転移巣が出現し、肺転移巣も増大傾向となった。	entailment
外陰部に転移巣出現、肺転移巣も増大傾向となった。	外陰部に原発巣が出現し、肺転移巣も増大傾向となった。	contradiction
外陰部に転移巣出現、肺転移巣も増大傾向となった。	外陰部転移巣も増大傾向となった。	neutral
外陰部に転移巣出現、肺転移巣も増大傾向となった。	転移巣が増大傾向となった。	entailment
外陰部に転移巣出現、肺転移巣も増大傾向となった。	肺転移巣が縮小する傾向となった。	contradiction
外陰部に転移巣出現、肺転移巣も増大傾向となった。	肺転移巣が増大した。	neutral
炎症反応上昇を伴う肝障害の出現を認め、当科コンサルトとなった。	炎症反応が上昇した。	entailment
炎症反応上昇を伴う肝障害の出現を認め、当科コンサルトとなった。	炎症反応が降下した。	contradiction
炎症反応上昇を伴う肝障害の出現を認め、当科コンサルトとなった。	炎症反応上昇を伴う腎障害の出現を認め、当科コンサルトとなった。	neutral
炎症反応上昇を伴う肝障害の出現を認め、当科コンサルトとなった。	炎症反応上昇を伴う肝障害の出現を認め、当科にコンサルトとなった。	entailment
炎症反応上昇を伴う肝障害の出現を認め、当科コンサルトとなった。	炎症反応上昇を伴う肝障害の出現を認め、当科にコンサルトした。	entailment
炎症反応上昇を伴う肝障害の出現を認め、当科コンサルトとなった。	炎症反応上昇を伴う肝障害の出現を認め、当科がコンサルトした。	neutral
肺転移を伴う外陰部悪性黒色腫に対して、当院皮膚科で抗PD1抗体のニボルマブが開始された。	肺転移を伴う外陰部悪性黒色腫に対して、当院で抗PD1抗体のニボルマブが開始された。	entailment
外陰部に転移巣出現、肺転移巣も増大傾向となった。	肺転移巣も増大する傾向となった。	entailment
悪性腫瘍に対して免疫チェックポイント阻害薬が適応となった。	腫瘍に対して免疫チェックポイント阻害薬が適応となった。	entailment
悪性腫瘍に対して免疫チェックポイント阻害薬が適応となった。	良性腫瘍に対して免疫チェックポイント阻害薬が適応となった。	neutral
ICI使用により著名な胆汁うっ滞性肝不全となった。	ICI使用により著名な胆汁うっ滞性の肝不全となった。	entailment
ICI使用により著名な胆汁うっ滞性肝不全となった。	ICI使用により著名な肝不全となった。	entailment
腎細胞癌が胸膜転移再発となった。	肝細胞癌が胸膜転移再発となった。	neutral
腎細胞癌が胸膜転移再発となった。	腎細胞癌が胸膜に転移再発した。	entailment
腎細胞癌が胸膜転移再発となった。	腎細胞癌が胸膜に転移した。	entailment
腎細胞癌が胸膜転移再発となった。	腎細胞癌が再発した。	entailment
パゾパニブ投与開始したところ、肝障害出現を認めた。	パゾパニブを投与開始したところ、肝障害出現を認めた。	entailment
パゾパニブ投与開始したところ、肝障害出現を認めた。	パゾパニブ投与を開始したところ、肝障害出現を認めた。	entailment
パゾパニブ投与開始したところ、肝障害出現を認めた。	パゾパニブの投与を開始したところ、肝障害出現を認めた。	entailment
パゾパニブ投与開始したところ、肝障害出現を認めた。	パゾパニブを投与したところ、肝障害出現を認めた。	entailment
パゾパニブ投与開始したところ、肝障害出現を認めた。	パゾパニブ投与終了したところ、肝障害出現を認めた。	contradiction
パゾパニブ投与開始したところ、肝障害出現を認めた。	パゾパニブ投与開始したところ、肝障害が出現した。	entailment
パゾパニブ投与開始したところ、肝障害出現を認めた。	パゾパニブ投与開始したところ、腎障害が出現した。	neutral
パゾパニブ投与開始したところ、肝障害出現を認めた。	パゾパニブ投与開始したところ、肝障害が消滅した。	contradiction
パゾパニブ中止したが改善なく、黄疸増悪を認めたため、当科転院となった。	パゾパニブを中止したが改善なく、黄疸増悪を認めたため、当科転院となった。	entailment
パゾパニブ中止したが改善なく、黄疸増悪を認めたため、当科転院となった。	パゾパニブを再開したが改善なく、黄疸増悪を認めたため、当科転院となった。	contradiction
パゾパニブ中止したが改善なく、黄疸増悪を認めたため、当科転院となった。	黄疸が増悪したため、当科転院となった。	entailment
パゾパニブ中止したが改善なく、黄疸増悪を認めたため、当科転院となった。	黄疸が改善した。	contradiction
パゾパニブ中止したが改善なく、黄疸増悪を認めたため、当科転院となった。	パゾパニブ中止したが改善なく、黄疸増悪を認めたため、当科に転院となった。	entailment
パゾパニブ中止したが改善なく、黄疸増悪を認めたため、当科転院となった。	パゾパニブ中止したが改善なく、黄疸増悪を認めたため、当科に転院した。	entailment
パゾパニブ中止したが改善なく、黄疸増悪を認めたため、当科転院となった。	パゾパニブ中止したが改善なく、黄疸増悪を認めたため、当科から転院した。	contradiction
腎細胞癌が胸膜転移再発となった。	腎細胞癌が胸膜に転移して再発した。	entailment
腎細胞癌が胸膜転移再発となった。	腎細胞癌が胸膜で再発した。	entailment
パゾパニブによる薬剤性肝障害を疑い、投与中止し経過観察する方針とした。	パゾパニブによるアルコール性肝障害を疑い、投与中止し経過観察する方針とした。	contradiction
パゾパニブによる薬剤性肝障害を疑い、投与中止し経過観察する方針とした。	パゾパニブによる薬剤性肝障害を疑い、投与し経過観察する方針とした。	contradiction
パゾパニブによる薬剤性肝障害を疑い、投与中止し経過観察する方針とした。	パゾパニブによる薬剤性肝障害を疑い、投与開始し経過観察する方針とした。	contradiction
子宮平滑筋肉腫の肺脾臓転移に対し、当院産婦人科へ通院となった。	平滑筋肉腫の肺脾臓転移に対し、当院産婦人科へ通院となった。	entailment
子宮平滑筋肉腫の肺脾臓転移に対し、当院産婦人科へ通院となった。	胃平滑筋肉腫の肺脾臓転移に対し、当院産婦人科へ通院となった。	neutral
子宮平滑筋肉腫の肺脾臓転移に対し、当院産婦人科へ通院となった。	子宮平滑筋肉腫の肺脾臓転移に対し、当院の産婦人科へ通院となった。	entailment
子宮平滑筋肉腫の肺脾臓転移に対し、当院産婦人科へ通院となった。	子宮平滑筋肉腫の肺脾臓転移に対し、産婦人科へ通院となった。	entailment
子宮平滑筋肉腫の肺脾臓転移に対し、当院産婦人科へ通院となった。	子宮平滑筋肉腫の肺脾臓転移に対し、他院産婦人科へ通院となった。	contradiction
パゾパニブ内服開始した。	パゾパニブを内服開始した。	entailment
パゾパニブ内服開始した。	パゾパニブ内服を開始した。	entailment
パゾパニブ内服開始した。	パゾパニブを内服した。	entailment
パゾパニブ内服開始した。	パゾパニブ内服終了した。	contradiction
パゾパニブ内服開始した。	パゾパニブを投与した。	contradiction
肝酵素上昇を認めたため、当科コンサルトとなった。	肝酵素が上昇したため、当科コンサルトとなった。	entailment
肝酵素上昇を認めたため、当科コンサルトとなった。	肝酵素が低下したため、当科コンサルトとなった。	contradiction
肝酵素上昇を認めたため、当科コンサルトとなった。	肝酵素上昇を認めたため、当科にコンサルトとなった。	entailment
肝酵素上昇を認めたため、当科コンサルトとなった。	肝酵素上昇を認めたため、当科にコンサルトした。	entailment
肝酵素上昇を認めたため、当科コンサルトとなった。	肝酵素上昇を認めたため、当科がコンサルトした。	contradiction
肝機能増悪傾向となったため、原因精査するために肝生検を施行した。	肝機能が増悪したため、原因精査するために肝生検を施行した。	neutral
肝機能増悪傾向となったため、原因精査するために肝生検を施行した。	肝機能改善傾向となったため、原因精査するために肝生検を施行した。	contradiction
肝機能増悪傾向となったため、原因精査するために肝生検を施行した。	肝機能が改善したため、原因精査するために肝生検を施行した。	contradiction
肝機能増悪傾向となったため、原因精査するために肝生検を施行した。	肝機能増悪傾向となったため、原因精査するために腎生検を施行した。	neutral
肝胆道系酵素の改善傾向が得られた。	肝胆道系酵素が改善する傾向が得られた。	entailment
肝胆道系酵素の改善傾向が得られた。	肝胆道系酵素の改善する傾向が得られた。	entailment
肝胆道系酵素の改善傾向が得られた。	肝胆道系酵素が増悪する傾向が得られた。	contradiction
肝胆道系酵素の改善傾向が得られた。	肝胆道系酵素が改善した。	neutral
肝機能増悪傾向となったため、原因精査するために肝生検を施行した。	肝機能が増悪する傾向となったため、原因精査するために肝生検を施行した。	entailment
肝機能増悪傾向となったため、原因精査するために肝生検を施行した。	肝機能増悪傾向となったため、原因を精査するために肝生検を施行した。	entailment
肝機能増悪傾向となったため、原因精査するために肝生検を施行した。	肝機能増悪傾向となったため、原因精査するために生検を施行した。	entailment
パゾパニブによる薬剤性肝障害を疑い、投与中止し経過観察する方針とした。	パゾパニブによる薬剤性の肝障害を疑い、投与中止し経過観察する方針とした。	entailment
パゾパニブによる薬剤性肝障害を疑い、投与中止し経過観察する方針とした。	パゾパニブによる肝障害を疑い、投与中止し経過観察する方針とした。	entailment
パゾパニブによる薬剤性肝障害を疑い、投与中止し経過観察する方針とした。	パゾパニブによる薬剤性肝障害を疑い、投与を中止し経過観察する方針とした。	entailment
パゾパニブによる薬剤性肝障害を疑い、投与中止し経過観察する方針とした。	パゾパニブによる薬剤性肝障害を疑い、投与中止し経過を観察する方針とした。	entailment
肝生検で自己免疫性肝炎類似像を呈した。	生検で自己免疫性肝炎類似像を呈した。	entailment
肝生検で自己免疫性肝炎類似像を呈した。	肝生検で自己免疫性肝炎を呈した。	neutral
pembrolizumabを投与開始した。	pembrolizumabを投与した。	entailment
pembrolizumabを投与開始した。	pembrolizumab投与を開始した。	entailment
pembrolizumabを投与開始した。	pembrolizumabを投与終了した。	contradiction
メチルプレドニゾロンを投与したところ、改善傾向をしめした。	メチルプレドニゾロンを投与したところ、改善する傾向をしめした。	entailment
メチルプレドニゾロンを投与したところ、改善傾向をしめした。	メチルプレドニゾロンを投与したところ、改善した。	neutral
メチルプレドニゾロンを投与したところ、改善傾向をしめした。	メチルプレドニゾロンを投与したところ、増悪傾向をしめした。	contradiction
薬剤性肝障害は、薬剤中止により肝障害が速やかに回復することが多い。	薬剤性の肝障害は、薬剤中止により肝障害が速やかに回復することが多い。	entailment
薬剤性肝障害は、薬剤中止により肝障害が速やかに回復することが多い。	ウイルス性肝障害は、薬剤中止により肝障害が速やかに回復することが多い。	neutral
薬剤性肝障害は、薬剤中止により肝障害が速やかに回復することが多い。	薬剤性肝障害は、薬剤を中止することにより肝障害が速やかに回復することが多い。	entailment
薬剤性肝障害は、薬剤中止により肝障害が速やかに回復することが多い。	薬剤性肝障害は、薬剤の中止により肝障害が速やかに回復することが多い。	entailment
薬剤性肝障害は、薬剤中止により肝障害が速やかに回復することが多い。	薬剤性肝障害は、薬剤により肝障害が速やかに回復することが多い。	contradiction
薬剤を中止した後、肝酵素上昇となった。	薬剤を中止した後、肝酵素が上昇した。	entailment
薬剤を中止した後、肝酵素上昇となった。	薬剤を中止した後、肝酵素が低下した。	contradiction
当院皮膚科を受診し、水疱性類天疱瘡と診断された。	当院の皮膚科を受診し、水疱性類天疱瘡と診断された。	entailment
当院皮膚科を受診し、水疱性類天疱瘡と診断された。	皮膚科を受診し、水疱性類天疱瘡と診断された。	entailment
当院皮膚科を受診し、水疱性類天疱瘡と診断された。	他院の皮膚科を受診し、水疱性類天疱瘡と診断された。	contradiction
当院皮膚科を受診し、水疱性類天疱瘡と診断された。	当院皮膚科を受診し、水疱性の類天疱瘡と診断された。	entailment
当院皮膚科を受診し、水疱性類天疱瘡と診断された。	当院皮膚科を受診し、類天疱瘡と診断された。	entailment
当院皮膚科を受診し、水疱性類天疱瘡と診断された。	当院皮膚科を受診し、粘膜類天疱瘡と診断された。	contradiction
免疫調整薬を併用し、PSL漸減の上で管理されていた。	PSLを漸減した。	entailment
免疫調整薬を併用し、PSL漸減の上で管理されていた。	免疫調整薬を併用し、PSL漸増の上で管理されていた。	contradiction
免疫調整薬を併用し、PSL漸減の上で管理されていた。	免疫抑制薬を併用していた。	neutral
CTで急性肝炎を疑う所見を指摘されたため、当科入院となった。	CTで慢性肝炎を疑う所見を指摘されたため、当科入院となった。	contradiction
CTで急性肝炎を疑う所見を指摘されたため、当科入院となった。	CTでウイルス性肝炎を疑う所見を指摘されたため、当科入院となった。	neutral
CTで急性肝炎を疑う所見を指摘されたため、当科入院となった。	CTで急性肝炎を疑う所見を指摘されたため、当科に入院となった。	entailment
CTで急性肝炎を疑う所見を指摘されたため、当科入院となった。	CTで急性肝炎を疑う所見を指摘されたため、当科に入院した。	entailment
CTで急性肝炎を疑う所見を指摘されたため、当科入院となった。	CTで急性肝炎を疑う所見を指摘されたため、当科退院となった。	contradiction
CMZで加療開始された。	CMZで加療が開始された。	entailment
CMZで加療開始された。	CMZで加療された。	entailment
CMZで加療開始された。	CMZで加療を開始した。	entailment
CMZで加療開始された。	CMZで加療終了した。	contradiction
肝機能改善傾向となるも、緩徐に好酸球増加となった。	肝機能が改善する傾向となるも、緩徐に好酸球増加となった。	entailment
肝機能改善傾向となるも、緩徐に好酸球増加となった。	肝機能が改善した。	neutral
肝機能は改善傾向となったが、好酸球増加となった。	肝機能は改善傾向となり、好酸球が減少した。	contradiction
徐々に解熱傾向となった。	徐々に解熱する傾向となった。	entailment
血球減少、黄疸の進行を認め、非昏睡型急性肺不全と診断された。	血球が減少し、黄疸の進行を認め、非昏睡型急性肺不全と診断された。	entailment
血球減少、黄疸の進行を認め、非昏睡型急性肺不全と診断された。	血球が減少し、黄疸の進行を認め、非昏睡型急性肺不全と診断された。	entailment
血球減少、黄疸の進行を認め、非昏睡型急性肺不全と診断された。	血球が増加し、黄疸の進行を認め、非昏睡型急性肺不全と診断された。	contradiction
血球減少、黄疸の進行を認め、非昏睡型急性肺不全と診断された。	血球減少、黄疸の進行を認め、肺不全と診断された。	entailment
血球減少、黄疸の進行を認め、非昏睡型急性肺不全と診断された。	血球減少、黄疸の進行を認め、急性肺不全と診断された。	entailment
血球減少、黄疸の進行を認め、非昏睡型急性肺不全と診断された。	血球減少、黄疸の進行を認め、昏睡型急性肺不全と診断された。	contradiction
PSLを開始したところ速やかに解熱、肝機能は改善した。	PSLを開始したところ速やかに解熱、膵機能は改善した。	neutral
好中球減少が遷延し、骨髄生検も行われた。	好中球が減少した。	entailment
好中球減少が遷延し、骨髄生検も行われた。	好中球が増加した。	contradiction
好中球減少が遷延し、骨髄生検も行われた。	好中球減少が遷延し、肝生検も行われた。	neutral
PSL漸減中止された。	PSL漸減を中止された。	entailment
PSL漸減中止された。	PSLを漸減することを中止された。	entailment
PSL漸減中止された。	PSLを漸減された。	neutral
肝機能は改善傾向となったが、好酸球増加となった。	肝機能は改善傾向となったが、好酸球が増加した。	entailment
徐々に解熱傾向となった。	徐々に解熱した。	entailment
肝移植することなく、外来通院が可能となった。	肝を移植した。	contradiction
階段昇降が困難となり、立位保持が困難となったため、当院搬送となった。	階段昇降が困難となり、立位保持が困難となったため、当院から搬送された。	contradiction
階段昇降が困難となり、立位保持が困難となったため、当院搬送となった。	立位を保持することが困難となった。	entailment
顕性黄疸と下腿浮腫が出現していた。	潜在性黄疸と下腿浮腫が出現していた。	contradiction
顕性黄疸と下腿浮腫が出現していた。	黄疸と下腿浮腫が出現していた。	entailment
顕性黄疸と下腿浮腫が出現していた。	顕性黄疸と浮腫が出現していた。	entailment
顕性黄疸と下腿浮腫が出現していた。	顕性黄疸と下肢浮腫が出現していた。	neutral
顕性黄疸と下腿浮腫が出現していたが、肝性脳症ではなかった。	顕性黄疸と下腿浮腫が出現していたが、脳症ではなかった。	neutral
顕性黄疸と下腿浮腫が出現していたが、肝性脳症ではなかった。	顕性黄疸と下腿浮腫が出現していたが、肝硬変ではなかった。	neutral
肝移植することなく、外来通院が可能となった。	肝を移植することなく、外来通院が可能となった。	entailment
肝移植することなく、外来通院が可能となった。	肝に移植することなく、外来通院が可能となった。	contradiction
階段昇降が困難となり、立位保持が困難となったため、当院搬送となった。	階段を昇降することが困難となった。	entailment
階段昇降が困難となり、立位保持が困難となったため、当院搬送となった。	階段昇降が困難となり、立位保持が困難となったため、当院に搬送された。	entailment
階段昇降が困難となり、立位保持が困難となったため、当院搬送となった。	階段昇降が困難となり、立位保持が困難となったため、当院に搬送となった。	entailment
階段昇降が困難となり、立位保持が困難となったため、当院搬送となった。	階段昇降が困難となり、立位保持が困難となったため、搬送された。	entailment
肝移植することなく、外来通院が可能となった。	外来に通院することが可能となった。	entailment
肝移植することなく、外来通院が可能となった。	外来に通院が可能となった。	entailment
階段昇降が困難となり、立位保持が困難となったため、当院搬送となった。	階段を昇降した。	neutral
階段昇降が困難となり、立位保持が困難となったため、当院搬送となった。	立位を保持した。	neutral
肝移植することなく、外来通院が可能となった。	外来に通院した。	neutral
ラクチトールを中止した後もアンモニア上昇を認めなかった。	ラクチトールを中止した後もアンモニアが上昇しなかった。	entailment
ラクチトールを中止した後もアンモニア上昇を認めなかった。	ラクチトールを中止した後もアンモニアが上昇した。	contradiction
当院循環器内科転院となった。	当院の循環器内科に転院となった。	entailment
当院循環器内科転院となった。	循環器内科に転院となった。	entailment
当院循環器内科転院となった。	当院の循環器内科に転院した。	entailment
当院循環器内科転院となった。	他院の循環器内科に転院した。	contradiction
当院循環器内科転院となった。	当院の循環器内科から転院した。	contradiction
当院循環器内科転院となった。	循環器内科に通院となった。	neutral
利尿剤調整で心不全は改善傾向となった。	利尿剤調整で心不全は改善した。	neutral
精査を目的に当科紹介、加療を目的に転科となった。	精査を目的に当科に紹介となった。	entailment
精査を目的に当科紹介、加療を目的に転科となった。	精査を目的に当科から紹介となった。	contradiction
肝性脳症は非代償性肝硬変の表現型である。	急性脳症は非代償性肝硬変の表現型である。	contradiction
肝性脳症は非代償性肝硬変の表現型である。	肝性脳症は代償性肝硬変の表現型である。	contradiction
肝性脳症は非代償性肝硬変の表現型である。	肝性脳症は肝硬変の表現型である。	entailment
利尿剤調整で心不全は改善傾向となった。	利尿剤を調整することで心不全は改善傾向となった。	entailment
利尿剤調整で心不全は改善傾向となった。	利尿剤調整で心不全は改善する傾向となった。	entailment
肝性脳症は非代償性肝硬変の表現型である。	脳症は非代償性肝硬変の表現型である。	neutral
EO使用量が多いため、腎障害予防のためにハプトグロブリンが必要である。	EOを使用する量が多いため、腎障害予防のためにハプトグロブリンが必要である。	entailment
EO使用量が多いため、腎障害予防のためにハプトグロブリンが必要である。	EO使用量が多いため、腎障害を予防するためにハプトグロブリンが必要である。	entailment
EO使用量が多いため、腎障害予防のためにハプトグロブリンが必要である。	EO使用量が多いため、腎不全を予防するためにハプトグロブリンが必要である。	neutral
胃静脈瘤ならびに肝機能が改善した。	静脈瘤ならびに肝機能が改善した。	entailment
胃静脈瘤ならびに肝機能が改善した。	食道静脈瘤ならびに肝機能が改善した。	neutral
胃静脈瘤ならびに肝機能が改善した。	胃静脈瘤ならびに肝の機能が改善した。	entailment
胃静脈瘤ならびに肝機能が改善した。	胃静脈瘤ならびに消化機能が改善した。	neutral
巨大脾腫ならびに血小板減少を認めた。	巨大な脾腫ならびに血小板減少を認めた。	entailment
巨大脾腫ならびに血小板減少を認めた。	脾腫ならびに血小板減少を認めた。	entailment
巨大脾腫ならびに血小板減少を認めた。	血小板が減少した。	entailment
巨大脾腫ならびに血小板減少を認めた。	巨大脾腫ならびに血小板の減少を認めた。	entailment
食道胃静脈瘤増悪が認められなかった。	食道胃静脈瘤が増悪した。	contradiction
食道胃静脈瘤増悪が認められなかった。	食道静脈瘤と胃静脈瘤が増悪した。	contradiction
肝硬変患者にBRTOを施行し、肝機能が劇的に改善した。	患者にBRTOを施行し、肝機能が劇的に改善した。	entailment
肝硬変患者にBRTOを施行し、肝機能が劇的に改善した。	肝硬変の患者にBRTOを施行し、肝機能が劇的に改善した。	entailment
肝硬変患者にBRTOを施行し、肝機能が劇的に改善した。	肝炎の患者にBRTOを施行し、肝機能が劇的に改善した。	neutral
肝硬変患者にBRTOを施行し、肝機能が劇的に改善した。	肝硬変患者にBRTOを施行し、肝の機能が劇的に改善した。	entailment
非代償性肝硬変患者にBRTOを施行した。	非代償性肝硬変の患者にBRTOを施行した。	entailment
非代償性肝硬変患者にBRTOを施行した。	代償性肝硬変患者にBRTOを施行した。	neutral
非代償性肝硬変患者にBRTOを施行した。	肝硬変患者にBRTOを施行した。	entailment
非代償性肝硬変患者にBRTOを施行した。	患者にBRTOを施行した。	entailment
C型非代償性肝硬変に対して、経過観察されていた。	C型の非代償性肝硬変に対して、経過観察されていた。	entailment
C型非代償性肝硬変に対して、経過観察されていた。	C型代償性肝硬変に対して、経過観察されていた。	neutral
C型非代償性肝硬変に対して、経過観察されていた。	非代償性肝硬変に対して、経過観察されていた。	entailment
C型非代償性肝硬変に対して、経過観察されていた。	C型肝硬変に対して、経過観察されていた。	entailment
C型非代償性肝硬変に対して、経過観察されていた。	肝硬変に対して、経過観察されていた。	entailment
C型非代償性肝硬変に対して、経過観察されていた。	代償性肝硬変に対して、経過観察されていた。	neutral
食道胃静脈瘤増悪が認められなかった。	胃静脈瘤増悪が認められなかった。	entailment
食道胃静脈瘤増悪が認められなかった。	食道静脈瘤増悪が認められなかった。	entailment
食道胃静脈瘤増悪が認められなかった。	食道静脈瘤が増悪しなかった。	entailment
食道胃静脈瘤増悪が認められなかった。	胃静脈瘤が増悪しなかった。	entailment
食道胃静脈瘤増悪が認められなかった。	食道と胃の静脈瘤が増悪しなかった。	entailment
食道胃静脈瘤増悪が認められなかった。	食道静脈瘤と胃静脈瘤が増悪しなかった。	entailment
門脈-大循環シャントの発達は、シャント型肝性脳症や肝機能低下の原因となる。	門脈-大循環シャントの発達は、肝性脳症や肝機能低下の原因となる。	entailment
門脈-大循環シャントの発達は、シャント型肝性脳症や肝機能低下の原因となる。	門脈-大循環シャントの発達は、シャント型の肝性脳症や肝機能低下の原因となる。	entailment
門脈-大循環シャントの発達は、シャント型肝性脳症や肝機能低下の原因となる。	門脈-大循環シャントの発達は、牛海綿状脳症や肝機能低下の原因となる。	contradiction
門脈-大循環シャントの発達は、シャント型肝性脳症や肝機能低下の原因となる。	門脈-大循環シャントの発達は、シャント型肝性脳症や肝機能の低下の原因となる。	entailment
門脈-大循環シャントの発達は、シャント型肝性脳症や肝機能低下の原因となる。	門脈-大循環シャントの発達は、シャント型肝性脳症や肝機能上昇の原因となる。	contradiction
肝機能改善効果がみられる。	肝機能が改善する効果がみられる。	entailment
肝機能改善効果がみられる。	肝機能が改善した。	entailment
肝機能改善効果がみられる。	肝機能が悪化した。	contradiction
門脈-大循環シャントの発達は、シャント型肝性脳症や肝機能低下の原因となる。	門脈-大循環シャントの発達は、シャント型肝性脳症や肝機能が低下する原因となる。	entailment
手術による横隔膜修復を検討している。	横隔膜を修復した。	contradiction
手術による横隔膜修復を検討している。	手術による横隔膜の修復を検討している。	entailment
症状出現から診断まで長い時間が経過した。	症状が出現してから診断まで長い時間が経過した。	entailment
意識レベル低下となった。	意識レベルが低下した。	entailment
意識レベル低下となった。	意識レベルが回復した。	contradiction
症状出現から診断まで長い時間が経過した。	症状が出現した。	entailment
症状出現から診断まで長い時間が経過した。	症状が消滅した。	contradiction
血液検査所見および画像所見より原発性胆汁性胆管炎を疑い、肝生検を施行した。	血液検査および画像による所見で原発性胆汁性胆管炎を疑った。	entailment
血液検査所見および画像所見で原発性胆汁性胆管炎を疑い、肝生検を施行した。	所見で原発性胆汁性胆管炎を疑い、肝生検を施行した。	entailment
血液検査所見および画像所見より原発性胆汁性胆管炎を疑い、肝生検を施行した。	血液検査所見のみで原発性胆汁性胆管炎を疑った。	contradiction
血液検査所見および画像所見より原発性胆汁性胆管炎を疑い、肝生検を施行した。	画像所見のみで原発性胆汁性胆管炎を疑った。	contradiction
血液検査所見および画像所見より原発性胆汁性胆管炎を疑い、肝生検を施行した。	血液検査所見および画像所見より胆管炎を疑い、肝生検を施行した。	entailment
血液検査所見および画像所見より原発性胆汁性胆管炎を疑い、肝生検を施行した。	血液検査所見および画像所見より胆汁性胆管炎を疑い、肝生検を施行した。	entailment
血液検査所見および画像所見より原発性胆汁性胆管炎を疑い、肝生検を施行した。	血液検査所見および画像所見よりPBCを疑い、肝生検を施行した。	entailment
血液検査所見および画像所見より原発性胆汁性胆管炎を疑い、肝生検を施行した。	血液検査所見および画像所見より原発性の胆管炎を疑い、肝生検を施行した。	entailment
血液検査所見および画像所見より原発性胆汁性胆管炎を疑い、肝生検を施行した。	血液検査所見および画像所見より原発性胆汁性胆管炎を疑い、生検を施行した。	entailment
血液検査所見および画像所見より原発性胆汁性胆管炎を疑い、肝生検を施行した。	血液検査所見および画像所見より原発性胆汁性胆管炎を疑い、胆道生検を施行した。	neutral
慢性非化膿性破壊性胆管炎である。	破壊性胆管炎である。	entailment
慢性非化膿性破壊性胆管炎である。	慢性胆管炎である。	entailment
慢性非化膿性破壊性胆管炎である。	非化膿性胆管炎である。	entailment
慢性非化膿性破壊性胆管炎である。	慢性化膿性破壊性胆管炎である。	contradiction
慢性非化膿性破壊性胆管炎である。	化膿性胆管炎である。	neutral
慢性非化膿性破壊性胆管炎である。	胆管炎ではない。	contradiction
症候性原発性胆汁性胆管炎と診断した。	胆管炎と診断した。	entailment
症候性原発性胆汁性胆管炎と診断した。	胆汁性胆管炎と診断した。	entailment
症候性原発性胆汁性胆管炎と診断した。	原発性胆汁性胆管炎と診断した。	entailment
症候性原発性胆汁性胆管炎と診断した。	無症候性原発性胆汁性胆管炎と診断した。	contradiction
症候性原発性胆汁性胆管炎と診断した。	症候性の胆管炎と診断した。	entailment
症候性原発性胆汁性胆管炎と診断した。	原発性の胆管炎と診断した。	entailment
肝障害が持続するため、当科紹介された。	肝不全が持続するため、当科紹介された。	neutral
肝障害が持続するため、当科紹介された。	腎障害が持続するため、当科紹介された。	neutral
肝障害が持続するため、当科紹介された。	肝障害が持続するため、当科に紹介された。	entailment
肝障害が持続するため、当科紹介された。	肝障害が持続するため、当科から紹介された。	contradiction
SOF/VELを導入する前に食道静脈瘤が認められた。	SOF/VELを導入する前に静脈瘤が認められた。	entailment
C型非代償性肝硬変患者に対して検討した。	C型代償性肝硬変患者に対して検討した。	neutral
C型非代償性肝硬変患者に対して検討した。	C型肝硬変患者に対して検討した。	entailment
C型非代償性肝硬変患者に対して検討した。	非代償性肝硬変患者に対して検討した。	entailment
C型非代償性肝硬変患者に対して検討した。	肝硬変患者に対して検討した。	entailment
C型非代償性肝硬変患者に対して検討した。	C型非代償性肝硬変の患者に対して検討した。	entailment
C型非代償性肝硬変患者に対して検討した。	C型非代償性患者に対して検討した。	contradiction
C型非代償性肝硬変患者に対して検討した。	C型患者に対して検討した。	contradiction
投与開始する前に食道静脈瘤を指摘されていた。	投与開始する前に静脈瘤を指摘されていた。	entailment
投与開始する前に食道静脈瘤を指摘されていた。	投与開始する前に胃静脈瘤を指摘されていた。	neutral
食道静脈瘤は未治療であった。	静脈瘤は未治療であった。	entailment
食道静脈瘤は未治療であった。	胃静脈瘤は未治療であった。	neutral
食道静脈瘤は未治療であった。	食道静脈瘤を治療した。	contradiction
食道静脈瘤は未治療であった。	食道静脈瘤は治療していない。	entailment
食道静脈瘤は未治療であった。	食道静脈瘤を治療する。	neutral
食道静脈瘤は未治療であった。	食道静脈瘤は治療しなかった。	entailment
肝性脳症を発症したが、補液投与により翌日には改善傾向を認めた。	脳症を発症したが、補液投与により翌日には改善傾向を認めた。	entailment
肝性脳症を発症したが、補液投与により翌日には改善傾向を認めた。	肝障害を発症したが、補液投与により翌日には改善傾向を認めた。	neutral
肝性脳症を発症したが、補液投与により翌日には改善傾向を認めた。	肝性昏睡を発症したが、補液投与により翌日には改善傾向を認めた。	neutral
肝性脳症を発症したが、補液投与により翌日には改善傾向を認めた。	補液を投与した。	entailment
肝性脳症を発症したが、補液投与により翌日には改善傾向を認めた。	補液を投与しなかった。	contradiction
肝性脳症を発症したが、補液投与により翌日には改善傾向を認めた。	肝性脳症を発症したが、補液投与により翌日には改善した。	neutral
肝性脳症を発症したが、補液投与により翌日には改善傾向を認めた。	肝性脳症を発症したが、補液投与により翌日には悪化した。	contradiction
体液貯留傾向となり心不全となったが、利尿剤使用により改善した。	体液が貯留する傾向となり心不全となったが、利尿剤使用により改善した。	entailment
体液貯留傾向となり心不全となったが、利尿剤使用により改善した。	体液貯留となり心不全となったが、利尿剤使用により改善した。	neutral
体液貯留傾向となり心不全となったが、利尿剤使用により改善した。	体液貯留傾向となり心不全となったが、利尿剤の使用により改善した。	entailment
体液貯留傾向となり心不全となったが、利尿剤使用により改善した。	体液貯留傾向となり心不全となったが、利尿剤を使用して改善した。	entailment
肝性脳症を発症したが、補液投与により翌日には改善傾向を認めた。	肝性脳症を発症したが、補液を投与することにより翌日には改善傾向を認めた。	entailment
肝性脳症を発症したが、補液投与により翌日には改善傾向を認めた。	肝性脳症を発症したが、補液投与により翌日には改善する傾向を認めた。	entailment
体液貯留傾向となり心不全となったが、利尿剤使用により改善した。	体液貯留傾向となり心不全となったが、利尿剤を使用することにより改善した。	entailment
SOF/VELを導入する前に食道静脈瘤が認められた。	SOF/VELを導入する前に胃静脈瘤が認められた。	neutral
非代償性肝硬変に合併した。	代償性肝硬変に合併した。	neutral
非代償性肝硬変に合併した。	肝硬変に合併した。	entailment
非代償性肝硬変に合併した。	肝硬変に合併しなかった。	contradiction
非代償性肝硬変に合併した。	代償性肝硬変に合併しなかった。	neutral
難治性肝性腹水に対して腹水コントロールを目的に入院となった。	難治性腹水に対して腹水コントロールを目的に入院となった。	entailment
難治性肝性腹水に対して腹水コントロールを目的に入院となった。	肝性腹水に対して腹水コントロールを目的に入院となった。	entailment
難治性肝性腹水に対して腹水コントロールを目的に入院となった。	腹水に対して腹水コントロールを目的に入院となった。	entailment
難治性肝性腹水に対して腹水コントロールを目的に入院となった。	悪性腹水に対して腹水コントロールを目的に入院となった。	neutral
精査加療を行う。	精査を行う。	entailment
精査加療を行う。	加療を行う。	entailment
精査加療を行う。	精査と加療を行う。	entailment
精査加療を行う。	精査した。	entailment
精査加療を行う。	加療した。	entailment
精査加療を行う。	精査または加療を行う。	contradiction
精査加療を行う。	精査のみ行う。	contradiction
精査加療を行う。	加療のみ行う。	contradiction
閉塞性黄疸のパターンをとった肝性昏睡であった。	閉塞性黄疸のパターンをとった昏睡であった。	entailment
血清肝炎を患っていた患者が、お酒を飲み続けた。	肝炎を患っていた患者が、お酒を飲み続けた。	entailment
血清肝炎を患っていた患者が、お酒を飲み続けた。	ウイルス性肝炎を患っていた患者が、お酒を飲み続けた。	entailment
血清肝炎を患っていた患者が、お酒を飲み続けた。	輸血後肝炎を患っていた患者が、お酒を飲み続けた。	entailment
血清肝炎を患っていた患者が、お酒を飲み続けた。	A型肝炎を患っていた患者が、お酒を飲み続けた。	neutral
閉塞性黄疸のパターンをとった肝性昏睡であった。	黄疸のパターンをとった肝性昏睡であった。	entailment
閉塞性黄疸のパターンをとった肝性昏睡であった。	黄疸のパターンをとった肝性昏睡であった。	entailment
閉塞性黄疸のパターンをとった肝性昏睡であった。	溶血性黄疸のパターンをとった肝性昏睡であった。	contradiction
閉塞性黄疸のパターンをとった肝性昏睡であった。	肝細胞性黄疸のパターンをとった肝性昏睡であった。	contradiction
閉塞性黄疸のパターンをとった肝性昏睡であった。	閉塞性黄疸のパターンをとった肝性脳症であった。	entailment
長与甲型肝硬変と急性アルコール性肝炎が判明した。	肝硬変と急性アルコール性肝炎が判明した。	entailment
長与甲型肝硬変と急性アルコール性肝炎が判明した。	長与甲型の肝硬変と急性アルコール性肝炎が判明した。	entailment
長与甲型肝硬変と急性アルコール性肝炎が判明した。	三宅甲型肝硬変と急性アルコール性肝炎が判明した。	contradiction
長与甲型肝硬変と急性アルコール性肝炎が判明した。	長与乙型肝硬変と急性アルコール性肝炎が判明した。	contradiction
長与甲型肝硬変と急性アルコール性肝炎が判明した。	長与甲型肝硬変とアルコール性肝炎が判明した。	entailment
長与甲型肝硬変と急性アルコール性肝炎が判明した。	長与甲型肝硬変と肝炎が判明した。	entailment
長与甲型肝硬変と急性アルコール性肝炎が判明した。	長与甲型肝硬変と急性肝炎が判明した。	entailment
長与甲型肝硬変と急性アルコール性肝炎が判明した。	長与甲型肝硬変と急性ウイルス性肝炎が判明した。	contradiction
黄疸漸増し、掻痒感持続した。	黄疸が漸増し、掻痒感持続した。	entailment
黄疸漸増し、掻痒感持続した。	黄疸が漸減し、掻痒感持続した。	contradiction
黄疸漸増し、掻痒感持続した。	黄疸漸増し、掻痒感が持続した。	entailment
黄疸漸増し、掻痒感持続した。	黄疸漸増し、掻痒感が出現した。	neutral
薬剤服用の既往はない。	薬剤を服用した。	neutral
薬剤服用の既往はない。	薬剤を投与した既往はない。	neutral
黄疸出現し、入院した。	黄疸が出現し、入院した。	entailment
黄疸出現し、入院した。	黄疸が消滅し、入院した。	contradiction
バイタル変動やアシドーシス出現もなかったので、肺切除は不要と判断した。	肺を切除した。	contradiction
肺軸捻転は、肺を切除した後の合併症の1つである。	肺軸捻転症は、肺を切除した後の合併症の1つである。	entailment
肺軸捻転は、肺を切除した後の合併症の1つである。	胃軸捻転症は、肺を切除した後の合併症の1つである。	contradiction
右中葉軸捻転の診断であった。	肺軸捻転の診断であった。	neutral
右中葉軸捻転の診断であった。	右中葉軸捻転症の診断であった。	entailment
バイタル変動やアシドーシス出現もなかったので、肺切除は不要と判断した。	バイタルが変動しなかった。	entailment
バイタル変動やアシドーシス出現もなかったので、肺切除は不要と判断した。	バイタルが変動した。	contradiction
バイタル変動やアシドーシス出現もなかったので、肺切除は不要と判断した。	アシドーシスが出現しなかった。	entailment
バイタル変動やアシドーシス出現もなかったので、肺切除は不要と判断した。	アシドーシスが出現した。	contradiction
バイタル変動やアシドーシス出現もなかったので、肺切除は不要と判断した。	バイタル変動やアシドーシス出現もなかったので、肺を切除することは不要と判断した。	entailment
症例報告を行った。	症例を報告した。	entailment
胃食道静脈瘤破裂といった症例が多い。	胃食道静脈瘤が破裂した。	entailment
胃食道静脈瘤破裂といった症例が多い。	胃静脈瘤が破裂した。	entailment
胃食道静脈瘤破裂といった症例が多い。	食道静脈瘤が破裂した。	entailment
胃食道静脈瘤破裂といった症例が多い。	静脈瘤が破裂した。	entailment
好き嫌いの目標設定について指導を行った。	好き嫌いの目標を設定することについて指導を行った。	entailment
好き嫌いの改善方法と目標設定について指導を行った。	好き嫌いを改善した。	neutral
好き嫌いの目標設定について指導を行った。	好き嫌いの目標を設定した。	neutral
左膝痛出現したのち、右膝痛出現、徐々に増悪したため当院受診となった。	左膝痛が出現した。	entailment
左膝痛出現したのち、右膝痛出現、徐々に増悪したため当院受診となった。	左膝痛出現したのち、右膝痛出現、徐々に増悪したため当院を受診した。	entailment
左膝痛出現したのち、右膝痛出現、徐々に増悪したため当院受診となった。	左膝痛が出現したのち、右膝痛出現、徐々に増悪したため当院受診となった。	entailment
左膝痛出現したのち、右膝痛出現、徐々に増悪したため当院受診となった。	右膝痛が出現した。	entailment
左膝痛出現したのち、右膝痛出現、徐々に増悪したため当院受診となった。	左膝痛出現したのち、右膝痛出現、徐々に増悪したため当院に入院した。	neutral
左膝痛出現したのち、右膝痛出現、徐々に増悪したため当院受診となった。	左膝痛出現したのち、右膝痛が出現、徐々に増悪したため当院受診となった。	entailment
糖尿病性壊死性筋膜炎により、左下腿切断に至った。	壊死性筋膜炎により、左下腿切断に至った。	entailment
糖尿病性壊死性筋膜炎により、左下腿切断に至った。	筋膜炎により、左下腿切断に至った。	entailment
糖尿病性壊死性筋膜炎により、左下腿切断に至った。	好酸球性筋膜炎により、左下腿切断に至った。	neutral
糖尿病性壊死性筋膜炎により、左下腿切断に至った。	蜂窩織炎により、左下腿切断に至った。	neutral
糖尿病性壊死性筋膜炎により、左下腿切断に至った。	糖尿病性壊死性筋膜炎により、左下腿を切断した。	entailment
糖尿病性壊死性筋膜炎により、左下腿切断に至った。	糖尿病性壊死性筋膜炎により、右下腿を切断した。	neutral
義足が完成したため、歩行練習が可能となった。	義足が完成したため、歩行を練習することが可能となった。	entailment
義足が完成したため、歩行練習が可能となった。	義足が完成したため、歩行が可能となった。	neutral
両側下肢に筋萎縮を認めた。	両側の下肢に筋萎縮を認めた。	entailment
両側下肢に筋萎縮を認めた。	片側の下肢に筋萎縮を認めた。	entailment
両側下肢に筋萎縮を認めた。	両側下肢の筋が萎縮した。	entailment
両側下肢に筋萎縮を認めた。	両側下肢が萎縮した。	neutral
理学療法開始。	理学療法を開始した。	entailment
理学療法開始。	理学療法を終了した。	neutral
義足完成したため、立位保持練習を開始。	義足が完成したため、立位保持練習を開始。	entailment
義足完成したため、立位保持練習を開始。	義足完成したため、立位保持を練習開始。	entailment
義足完成したため、立位保持練習を開始。	義足完成したため、立位保持の練習を開始。	entailment
義足完成したため、立位保持練習を開始。	義足完成したため、立位を保持することを練習する。	entailment
義足完成したため、立位保持練習を開始。	義足完成したため、立位保持を練習した。	entailment
義足完成したため、立位保持練習を開始。	義足完成したため、立位を保持した。	neutral
義足完成したため、立位保持練習を開始。	義足完成したため、立位保持を開始した。	neutral
階段昇降の実施が可能となり、趣味活動再開や仕事復帰への希望が持てた。	階段昇降の実施が可能となり、趣味活動を再開することや仕事復帰への希望が持てた。	entailment
階段昇降の実施が可能となり、趣味活動再開や仕事復帰への希望が持てた。	階段昇降の実施が可能となり、趣味活動の再開や仕事復帰への希望が持てた。	entailment
階段昇降が可能となり、趣味活動再開や仕事復帰への希望が持てた。	階段を昇降することが可能となり、趣味活動再開や仕事復帰への希望が持てた。	entailment
階段昇降の実施が可能となり、趣味活動再開や仕事復帰への希望が持てた。	階段昇降の実施が可能となり、趣味活動再開や仕事に復帰することへの希望が持てた。	entailment
階段昇降の実施が可能となり、趣味活動再開や仕事復帰への希望が持てた。	趣味活動を再開した。	neutral
階段昇降の実施が可能となり、趣味活動再開や仕事復帰への希望が持てた。	仕事に復帰した。	neutral
脳性麻痺の診断を受け、外来リハビリ開始となる。	痙性対麻痺の診断を受け、外来リハビリ開始となる。	neutral
脳性麻痺の診断を受け、外来リハビリ開始となる。	脳性麻痺の診断を受け、外来リハビリを開始した。	entailment
脳性麻痺の診断を受け、外来リハビリ開始となる。	脳性麻痺の診断を受け、入院リハビリ開始となる。	neutral
課題設定を行なった。	課題を設定した。	entailment
母親は潰瘍性大腸炎に羅患した。	母親は大腸炎に羅患した。	entailment
母親は潰瘍性大腸炎に羅患した。	母親は出血性大腸炎に羅患した。	contradiction
急性呼吸器感染症で入院した。	呼吸器感染症で入院した。	entailment
急性呼吸器感染症で入院した。	感染症で入院した。	entailment
急性呼吸器感染症で入院した。	口腔感染症で入院した。	neutral
ICUから一般病棟に転棟してからは、病棟内のプレイルーム内で座位練習と立位練習を行なった。	ICUから一般病棟に転棟してからは、病棟内のプレイルーム内で座位練習のみを行なった。	contradiction
つかまり立ちを認め、その後に独歩開始した。	つかまり立ちを認め、その後に独歩を終了した。	contradiction
ICUから一般病棟に転棟してからは、病棟内のプレイルーム内で座位練習と立位練習を行なった。	ICUから一般病棟に転棟してからは、病棟内のプレイルーム内で立位練習のみを行なった。	contradiction
誤嚥性肺炎と診断された。	化学性肺炎と診断された。	neutral
誤嚥性肺炎と診断された。	肺炎と診断された。	entailment
検査の結果、振幅低下が認められた。	検査の結果、振幅が増大していた。	contradiction
検査の結果、振幅低下が認められた。	検査の結果、振幅が低下していた。	entailment
ECMO実施。	ECMOを実施した。	entailment
ICUから一般病棟に転棟してからは、病棟内のプレイルーム内で座位練習と立位練習を行なった。	ICUから一般の病棟に転棟してからは、病棟内のプレイルーム内で座位練習と立位練習を行なった。	entailment
ICUから一般病棟に転棟してからは、病棟内のプレイルーム内で座位練習と立位練習を行なった。	ICUに一般の病棟から転棟してからは、病棟内のプレイルーム内で座位練習と立位練習を行なった。	neutral
ICUから一般病棟に転棟してからは、病棟内のプレイルーム内で座位練習と立位練習を行なった。	ICUから一般病棟に転棟してからは、病棟内のプレイルーム内で座位の練習と立位練習を行なった。	entailment
ICUから一般病棟に転棟してからは、病棟内のプレイルーム内で座位練習と立位練習を行なった。	ICUから一般病棟に転棟してからは、病棟内のプレイルーム内で座位と立位の練習を行なった。	entailment
ICUから一般病棟に転棟してからは、病棟内のプレイルーム内で座位練習と立位練習を行なった。	ICUから一般病棟に転棟してからは、病棟内のプレイルーム内で座位を練習した。	entailment
ICUから一般病棟に転棟してからは、病棟内のプレイルーム内で座位練習と立位練習を行なった。	ICUから一般病棟に転棟してからは、病棟内のプレイルーム内で座位練習と立位の練習を行なった。	entailment
ICUから一般病棟に転棟してからは、病棟内のプレイルーム内で座位練習と立位練習を行なった。	ICUから一般病棟に転棟してからは、病棟内のプレイルーム内で立位を練習した。	entailment
つかまり立ちを認め、その後に独歩開始した。	つかまり立ちを認め、その後に独歩を開始した。	entailment
筋力増強効果が報告された。	筋力を増強する効果が報告された。	entailment
筋力増強効果が報告された。	筋力を増強した。	neutral
慢性期皮膚筋炎患者に対して股関節外転筋のSTの効果と安全性を検討した。	皮膚筋炎患者に対して股関節外転筋のSTの効果と安全性を検討した。	entailment
慢性期皮膚筋炎患者に対して股関節外転筋のSTの効果と安全性を検討した。	患者に対して股関節外転筋のSTの効果と安全性を検討した。	entailment
慢性期皮膚筋炎患者に対して股関節外転筋のSTの効果と安全性を検討した。	慢性期の皮膚筋炎患者に対して股関節外転筋のSTの効果と安全性を検討した。	entailment
慢性期皮膚筋炎患者に対して股関節外転筋のSTの効果と安全性を検討した。	皮膚筋炎の患者に対して股関節外転筋のSTの効果と安全性を検討した。	entailment
慢性期皮膚筋炎患者に対して股関節外転筋のSTの効果と安全性を検討した。	多発性筋炎の患者に対して股関節外転筋のSTの効果と安全性を検討した。	neutral
慢性期皮膚筋炎患者に対して股関節外転筋のSTの効果と安全性を検討した。	急性期の皮膚筋炎患者に対して股関節外転筋のSTの効果と安全性を検討した。	neutral
慢性期皮膚筋炎患者に対して股関節外転筋のSTの効果と安全性を検討した。	慢性期皮膚筋炎患者に対して短母指外転筋のSTの効果と安全性を検討した。	neutral
慢性期皮膚筋炎患者に対して股関節外転筋のSTの効果と安全性を検討した。	慢性期皮膚筋炎患者に対して股関節内転筋のSTの効果と安全性を検討した。	neutral
慢性期皮膚筋炎患者で、治療を目的に入院し、理学療法と作業療法を実施していた。	慢性期の皮膚筋炎患者で、治療を目的に入院し、理学療法と作業療法を実施していた。	entailment
慢性期皮膚筋炎患者で、治療を目的に入院し、理学療法と作業療法を実施していた。	皮膚筋炎患者で、治療を目的に入院し、理学療法と作業療法を実施していた。	entailment
慢性期皮膚筋炎患者で、治療を目的に入院し、理学療法と作業療法を実施していた。	多発性筋炎患者で、治療を目的に入院し、理学療法と作業療法を実施していた。	neutral
慢性期皮膚筋炎患者で、治療を目的に入院し、理学療法と作業療法を実施していた。	慢性期皮膚筋炎患者で、治療を目的に入院し、作業療法のみを実施していた。	contradiction
股関節外転筋に対して筋力増強訓練を実施した。	股関節の外転筋に対して筋力増強訓練を実施した。	entailment
股関節外転筋に対して筋力増強訓練を実施した。	母趾外転筋に対して筋力増強訓練を実施した。	neutral
股関節外転筋に対して筋力増強訓練を実施した。	股関節内転筋に対して筋力増強訓練を実施した。	neutral
股関節外転筋に対して筋力増強訓練を実施した。	股関節外転筋に対して筋力を増強した。	neutral
点滴でドパミン製剤投与開始した。	点滴でドパミン製剤を投与しなかった。	contradiction
電動車いすにてADLは自立していた。	車いすにてADLは自立していた。	entailment
電動車いすにてADLは自立していた。	電動車いすなしでADLは自立していた。	neutral
腸閉塞発症およびその合併症により前医入院となった。	腸閉塞を発症した。	entailment
腸閉塞発症およびその合併症により前医入院となった。	腸閉塞の発症およびその合併症により前医入院となった。	entailment
本院に入院する前からの腸閉塞発症およびその合併症により前医入院となった。	本院に入院する前からの腸閉塞発症およびその合併症により前医に入院となった。	entailment
本院に入院する前からの腸閉塞発症およびその合併症により前医入院となった。	本院に入院する前からの腸閉塞発症およびその合併症により本院に入院となった。	neutral
点滴でのドパミン製剤投与開始となった。	点滴でのドパミン製剤投与を開始した。	entailment
点滴でドパミン製剤投与開始した。	点滴でドパミン製剤を投与した。	entailment
点滴でドパミン製剤投与開始した。	ドパミン製剤を投与することを開始した。	entailment
点滴でドパミン製剤投与開始した。	ドパミン製剤投与を終了した。	neutral
徐々に点滴から内服でのドパミン製剤投与に移行した。	内服でドパミン製剤を投与した。	entailment
徐々に点滴から内服でのドパミン製剤投与に移行した。	点滴でドパミン製剤を投与した。	entailment
脳性麻痺患者のはさみ足歩行は、ハムストリングス、股関節内転筋、股関節屈筋の痙縮で生じる。	脳性麻痺の患者のはさみ足歩行は、ハムストリングス、股関節内転筋、股関節屈筋の痙縮で生じる。	entailment
脳性麻痺患者のはさみ足歩行は、ハムストリングス、股関節内転筋、股関節屈筋の痙縮で生じる。	脳性麻痺患者のはさみ足歩行は、ハムストリングス、内転筋、股関節屈筋の痙縮で生じる。	entailment
手術および理学療法の効果判定を行なった。	手術および理学療法の効果を判定した。	entailment
手術および理学療法の効果判定を行なった。	手術の効果を判定した。	entailment
手術および理学療法の効果判定を行なった。	理学療法の効果を判定した。	entailment
骨盤前方傾斜に関しては、股関節屈筋による張力増大により骨盤の位置変化が生じたと考える。	骨盤が前方に傾斜した。	entailment
骨盤前方傾斜に関しては、股関節屈筋による張力増大により骨盤の位置変化が生じたと考える。	骨盤が前傾した。	entailment
骨盤前方傾斜に関しては、股関節屈筋による張力増大により骨盤の位置変化が生じたと考える。	骨盤が後方に傾斜した。	contradiction
骨盤前方傾斜に関しては、股関節屈筋による張力増大により骨盤の位置変化が生じたと考える。	骨盤が後傾した。	contradiction
骨盤前方傾斜に関しては、股関節屈筋による張力増大により骨盤の位置変化が生じたと考える。	骨盤前方傾斜に関しては、股関節の屈筋による張力増大により骨盤の位置変化が生じたと考える。	entailment
骨盤前方傾斜に関しては、股関節屈筋による張力増大により骨盤の位置変化が生じたと考える。	骨盤前方傾斜に関しては、長母趾屈筋による張力増大により骨盤の位置変化が生じたと考える。	neutral
骨盤前方傾斜に関しては、股関節屈筋による張力増大により骨盤の位置変化が生じたと考える。	股関節屈筋により張力が増大した。	entailment
骨盤前方傾斜に関しては、股関節屈筋による張力増大により骨盤の位置変化が生じたと考える。	股関節屈筋により張力が低下した。	contradiction
骨盤前方傾斜に関しては、股関節屈筋による張力増大により骨盤の位置変化が生じたと考える。	骨盤前方傾斜に関しては、股関節屈筋による張力増大により骨盤の位置が変化した。	entailment
骨盤前方傾斜に関しては、股関節屈筋による張力増大により骨盤の位置変化が生じたと考える。	骨盤前方傾斜に関しては、股関節屈筋による張力増大により骨盤の位置が変わった。	entailment
骨盤前方傾斜に関しては、股関節屈筋による張力増大により骨盤の位置変化が生じたと考える。	股関節屈筋による張力増大により骨盤の位置が変化しなかった。	contradiction
脳性麻痺患者のはさみ足歩行は、ハムストリングス、股関節内転筋、股関節屈筋の痙縮で生じる。	脳性麻痺患者のはさみ足歩行は、ハムストリングス、股関節内転筋、屈筋の痙縮で生じる。	entailment
脳性麻痺患者のはさみ足歩行は、ハムストリングス、股関節内転筋、股関節屈筋の痙縮で生じる。	脳性麻痺患者のはさみ足歩行は、ハムストリングス、母趾内転筋、股関節屈筋の痙縮で生じる。	neutral
脳性麻痺患者のはさみ足歩行は、ハムストリングス、股関節内転筋、股関節屈筋の痙縮で生じる。	脳性麻痺患者のはさみ足歩行は、ハムストリングス、股関節内転筋、長母趾屈筋の痙縮で生じる。	neutral
腰痛増強のため、整形外科受診し、入院となった。	腰痛が増強したため、整形外科受診し、入院となった。	entailment
腰痛増強のため、整形外科受診し、入院となった。	腰痛が改善した。	contradiction
腰痛増強のため、整形外来受診し、入院となった。	腰痛増強のため、整形外来を受診し、入院した。	entailment
腰痛増強のため、整形外来受診し、入院となった。	腰痛増強のため、外来を受診し、入院した。	entailment
腰痛増強のため、整形外来受診し、入院となった。	腰痛増強のため、整形外科に入院した。	entailment
理学療法開始。	理学療法を開始した。	entailment
理学療法開始。	理学療法を終了した。	contradiction
腸骨筋収縮によって疼痛軽減し、歩行獲得となった。	腸骨筋が収縮したことで疼痛軽減し、歩行獲得となった。	entailment
腸骨筋収縮によって疼痛軽減し、歩行獲得となった。	腸骨筋弛緩によって疼痛軽減し、歩行獲得となった。	contradiction
腸骨筋収縮によって疼痛軽減し、歩行獲得となった。	腸骨筋収縮によって疼痛が軽減し、歩行獲得となった。	entailment
腸骨筋収縮によって疼痛軽減し、歩行獲得となった。	腸骨筋収縮によって疼痛が増強した。	contradiction
腸骨筋収縮によって疼痛軽減し、歩行獲得となった。	腸骨筋収縮によって疼痛軽減し、歩行を獲得した。	entailment
後縦靱帯骨化症および黄色靱帯骨化症により対麻痺を呈した。	後縦靱帯骨化症のみにより対麻痺を呈した。	contradiction
後縦靱帯骨化症および黄色靱帯骨化症により対麻痺を呈した。	黄色靱帯骨化症のみにより対麻痺を呈した。	contradiction
後縦靱帯骨化症および黄色靱帯骨化症により対麻痺を呈した。	後縦靱帯骨化症および黄色靱帯骨化症により脳性麻痺を呈した。	contradiction
脊椎腫瘍により対麻痺を呈し、椎体摘出術および置換術を施行された。	脊椎の腫瘍により対麻痺を呈し、椎体摘出術および置換術を施行された。	entailment
脊椎腫瘍により対麻痺を呈し、椎体摘出術および置換術を施行された。	脊髄腫瘍により対麻痺を呈し、椎体摘出術および置換術を施行された。	neutral
脊椎腫瘍により対麻痺を呈し、椎体摘出術および置換術を施行された。	脊椎腫瘍により痙性対麻痺を呈し、椎体摘出術および置換術を施行された。	neutral
脊椎腫瘍により対麻痺を呈し、椎体摘出術および置換術を施行された。	脊椎腫瘍により麻痺を呈し、椎体摘出術および置換術を施行された。	entailment
脊椎腫瘍により対麻痺を呈し、椎体摘出術および置換術を施行された。	脊椎腫瘍により対麻痺を呈し、椎体を摘出した。	entailment
脊椎腫瘍により対麻痺を呈し、椎体摘出術および置換術を施行された。	脊椎腫瘍により対麻痺を呈し、椎体を置換した。	entailment
後縦靱帯骨化症および黄色靱帯骨化症により対麻痺を呈した。	後縦靱帯が骨化した。	entailment
後縦靱帯骨化症および黄色靱帯骨化症により対麻痺を呈した。	黄色靱帯が骨化した。	entailment
後縦靱帯骨化症および黄色靱帯骨化症により対麻痺を呈した。	OPLLおよび黄色靱帯骨化症により対麻痺を呈した。	entailment
後縦靱帯骨化症および黄色靱帯骨化症により対麻痺を呈した。	後縦靱帯骨化症および黄色靱帯骨化症により麻痺を呈した。	entailment
脊椎腫瘍により対麻痺を呈し、椎体摘出術および置換術を施行された。	脊椎腫瘍により四肢麻痺を呈し、椎体摘出術および置換術を施行された。	neutral
理学療法による介入は、嚥下障害、誤嚥予防、並びにADL改善に寄与する可能性を示した。	理学療法による介入は、誤嚥を予防することに寄与する可能性を示した。	entailment
理学療法による介入は、嚥下障害、誤嚥予防、並びにADL改善に寄与する可能性を示した。	理学療法による介入は、ADLを改善することに寄与する可能性を示した。	entailment
RA患者に対し、ドミノ効果予防を考慮し靴型装具を作成する機会を得た。	関節リウマチ患者に対し、ドミノ効果予防を考慮し靴型装具を作成する機会を得た。	entailment
RA患者に対し、ドミノ効果予防を考慮し靴型装具を作成する機会を得た。	慢性関節リウマチ患者に対し、ドミノ効果予防を考慮し靴型装具を作成する機会を得た。	neutral
RA患者に対し、ドミノ効果予防を考慮し靴型装具を作成する機会を得た。	RAの患者に対し、ドミノ効果予防を考慮し靴型装具を作成する機会を得た。	entailment
ドミノ効果予防を考慮し、RA患者に対して靴型装具を作成する機会を得た。	ドミノ効果を予防することを考慮し、RA患者に対して靴型装具を作成する機会を得た。	entailment
ドミノ効果予防を考慮し、RA患者に対して靴型装具を作成する機会を得た。	ドミノ効果を防止した。	neutral
ドミノ効果予防を考慮し、RA患者に対して靴型装具を作成する機会を得た。	ドミノ効果予防を考慮し、RA患者に対して靴型の装具を作成する機会を得た。	entailment
ドミノ効果予防を考慮し、RA患者に対して靴型装具を作成する機会を得た。	ドミノ効果予防を考慮し、RA患者に対して足底装具を作成する機会を得た。	contradiction
ドミノ効果予防を考慮し、RA患者に対して靴型装具を作成する機会を得た。	ドミノ効果予防を考慮し、RA患者に対して下肢装具を作成する機会を得た。	neutral
右膝痛出現した。	右膝痛が出現した。	entailment
右膝痛出現した。	膝痛が出現した。	entailment
右膝痛出現した。	左膝痛が出現した。	neutral
右膝痛出現した。	左膝痛が消失した。	contradiction
右膝痛出現した。	右膝の痛みが消失した。	entailment
左足の関節に対し靴型装具作成開始。	左足の関節に対し靴型装具を作成することを開始した。	entailment
左足の関節に対し靴型装具作成開始。	左足の関節に対し靴型の装具を作成することを開始した。	entailment
左足の関節に対し靴型装具作成開始。	左足の関節に対し靴型装具作成を開始した。	entailment
左足の関節に対し靴型装具作成開始。	左足の関節に対し靴型装具を作成した。	entailment
左足の関節に対し靴型装具作成開始。	左足の関節に対し下肢装具を作成開始した。	neutral
右腰方形筋と右腰腸肋筋に疼痛を呈していた。	左腰方形筋と右腰腸肋筋に疼痛を呈していた。	neutral
右腰方形筋と右腰腸肋筋に疼痛を呈していた。	腰方形筋と右腰腸肋筋に疼痛を呈していた。	entailment
右腰方形筋と右腰腸肋筋に疼痛を呈していた。	右腰方形筋と腰腸肋筋に疼痛を呈していた。	entailment
右腰方形筋と右腰腸肋筋に疼痛を呈していた。	右腰方形筋と左腰腸肋筋に疼痛を呈していた。	neutral
右腰方形筋と右腰腸肋筋に疼痛を呈していた。	右腰方形筋のみに疼痛を呈していた。	contradiction
右腰方形筋と右腰腸肋筋に疼痛を呈していた。	右腰腸肋筋のみに疼痛を呈していた。	contradiction
両斜角筋と両僧帽筋の緊張が亢進していた。	右斜角筋の緊張が亢進していた。	entailment
両斜角筋と両僧帽筋の緊張が亢進していた。	左斜角筋の緊張が亢進していた。	entailment
両斜角筋と両僧帽筋の緊張が亢進していた。	右斜角筋と右僧帽筋のみ緊張が亢進していた。	contradiction
両斜角筋と両僧帽筋の緊張が亢進していた。	右僧帽筋の緊張が亢進していた。	entailment
両斜角筋と両僧帽筋の緊張が亢進していた。	左僧帽筋の緊張が亢進していた。	entailment
両斜角筋と両僧帽筋の緊張が亢進していた。	左斜角筋と左僧帽筋のみ緊張が亢進していた。	contradiction
腰痛出現し他院で椎間板ヘルニアと診断される。	腰痛が出現し、他院で椎間板ヘルニアと診断される。	entailment
腰痛出現し他院で椎間板ヘルニアと診断される。	腰痛が消失し、他院で椎間板ヘルニアと診断される。	contradiction
腰痛出現し他院で椎間板ヘルニアと診断される。	腰痛出現し他院でヘルニアと診断される。	entailment
腰痛出現し他院で椎間板ヘルニアと診断される。	腰痛出現し他院で鼠径ヘルニアと診断される。	neutral
温熱を終了した時は効果が見られたが、徐々に疼痛減少が認められなくなった。	徐々に疼痛が減少した。	contradiction
温熱を終了した時は効果が見られたが、徐々に疼痛減少が認められなくなった。	徐々に疼痛の減少が認められなくなった。	entailment
温熱を終了した時は効果が見られたが、徐々に疼痛減少が認められなくなった。	徐々に疼痛が減少しなくなった。	entailment
温熱を終了した時は効果が見られたが、徐々に疼痛減少が認められなくなった。	徐々に疼痛が増加した。	neutral
理学療法では運動療法による褥瘡予防が主なアプローチである。	理学療法では運動療法により褥瘡を予防することが主なアプローチである。	entailment
理学療法では運動療法による褥瘡予防が主なアプローチである。	理学療法では運動療法による褥瘡の予防が主なアプローチである。	entailment
理学療法では運動療法による褥瘡予防が主なアプローチである。	褥瘡が改善した。	neutral
理学療法では運動療法による褥瘡予防が主なアプローチである。	褥瘡を予防した。	neutral
機能改善手術にて歩行獲得を目指す。	機能を改善した。	neutral
患者は歩行獲得を目指す。	患者は歩行を獲得することを目指す。	entailment
患者は歩行獲得を目指す。	患者は歩行を獲得した。	neutral
患者は歩行獲得を目指す。	患者は歩行した。	neutral
左膝屈曲拘縮除去術を受けた。	左膝屈曲拘縮を除去した。	entailment
左膝屈曲拘縮除去術を受けた。	左膝の屈曲拘縮が改善した。	neutral
左膝屈曲拘縮除去術を受けた。	右膝屈曲拘縮を除去した。	neutral
左膝屈曲拘縮除去術を受けた。	左膝の屈曲拘縮を除去した。	entailment
患者は歩行未獲得であった。	患者は歩行を獲得した。	contradiction
患者は歩行未獲得であった。	患者は歩行を獲得しなかった。	entailment
患者は歩行未獲得であった。	患者は歩行した。	contradiction
患者は歩行未獲得であった。	患者は歩行しなかった。	entailment
姿勢コントロールが困難であった。	姿勢をコントロールすることが困難であった。	entailment
姿勢コントロールが困難であった。	姿勢をコントロールしなかった。	neutral
姿勢コントロールが困難であった。	姿勢をコントロールした。	neutral
頸部痛出現したため、理学療法開始。	頸部痛が出現したため、理学療法開始。	entailment
頸部痛出現したため、理学療法開始。	頸部痛が消失したため、理学療法開始。	neutral
頸部痛出現したため、理学療法開始。	頸部痛出現したため、理学療法を開始した。	entailment
頸部痛出現したため、理学療法開始。	頸部痛出現したため、理学療法を終了した。	neutral
頸部痛出現したため、理学療法開始。	頸部痛が出現しなかった。	neutral
頸部痛出現したため、理学療法開始。	頸部痛出現したため、理学療法を開始しなかった。	neutral
PSP-Cは、小脳性運動失調を呈す。	PSP-Cは、小脳性の運動失調を呈す。	entailment
PSP-Cは、小脳性運動失調を呈す。	PSP-Cは、運動失調を呈す。	entailment
PSP-Cは、小脳性運動失調を呈す。	PSP-Cは、脊椎性の運動失調を呈す。	neutral
PSP-Cは、認知機能低下を併発する。	PSP-Cは、認知機能が低下することを併発する。	entailment
患者が目標設定を行った。	患者が目標を設定した。	entailment
基本動作練習、歩行練習を開始した。	基本動作を練習した。	entailment
基本動作練習、歩行練習を開始した。	動作を練習した。	entailment
基本動作練習、歩行練習を開始した。	動作練習を開始した。	entailment
基本動作練習、歩行練習を開始した。	基本動作を練習することを開始した。	entailment
基本動作練習、歩行練習を開始した。	歩行を練習した。	entailment
基本動作練習、歩行練習を開始した。	基本動作を開始した。	neutral
基本動作練習、歩行練習を開始した。	歩行を練習した。	entailment
基本動作練習、歩行練習を開始した。	歩行することを練習した。	entailment
基本動作練習、歩行練習を開始した。	歩行を練習しなかった。	contradiction
基本動作練習、歩行練習を開始した。	歩行を開始した。	neutral
PT開始から右側股関節伸展であった。	PTを開始した。	entailment
PT開始から右側股関節伸展であった。	PTを終了した。	neutral
PT開始から右側股関節伸展であった。	PTを再開した。	neutral
PT開始から右側股関節伸展であった。	PT開始から左側股関節伸展であった。	neutral
PT開始から右側股関節伸展であった。	PT開始から股関節伸展であった。	entailment
PT開始から右側股関節伸展であった。	股関節が伸展していた。	entailment
PT開始から右側股関節伸展であった。	右側の股関節が伸展していた。	entailment
PT開始から右側股関節伸展であった。	両側の股関節が伸展していた。	neutral
PT開始から右側股関節伸展であった。	左側の股関節が伸展していた。	neutral
PT開始から右側股関節伸展であった。	PT開始から右側に股関節が伸展していた。	neutral
FWは伸展型腰痛症発生に影響している。	FWは伸展型の腰痛症が発生することに影響している。	entailment
FWは伸展型腰痛症発生に影響している。	FWは伸展型腰痛症が発生することに影響している。	entailment
FWは伸展型腰痛症発生に影響している。	FWは腰痛症発生に影響している。	entailment
FWは伸展型腰痛症発生に影響している。	FWは腰痛症が発生することに影響している。	entailment
FWは伸展型腰痛症発生に影響している。	腰痛症が発生した。	neutral
抗生剤投与したが反応なく、チガソン投与を開始した。	抗生剤を投与したが反応なく、チガソン投与を開始した。	entailment
抗生剤投与したが反応なく、チガソン投与を開始した。	抗生剤に投与したが反応なく、チガソン投与を開始した。	neutral
抗生剤投与したが反応なく、チガソン投与を開始した。	抗生剤投与したが反応なく、チガソンを投与した。	entailment
抗生剤投与したが反応なく、チガソン投与を開始した。	チガソンを投与開始した。	entailment
抗生剤投与したが反応なく、チガソン投与を開始した。	チガソンを投与しなかった。	neutral
抗生剤投与したが反応なく、チガソン投与を開始した。	抗生剤を投与終了した。	neutral
四肢に膿疱出現。	四肢に膿疱が出現。	entailment
四肢に膿疱出現。	四肢が膿疱に出現。	neutral
四肢に膿疱出現。	四肢から膿疱が消失。	neutral
アセタゾラミド投与したところ、四肢にびまん性紅斑出現。	アセタゾラミドを投与したところ、四肢にびまん性紅斑出現。	entailment
アセタゾラミド投与したところ、四肢にびまん性紅斑出現。	アセタゾラミドに投与したところ、四肢にびまん性紅斑出現。	neutral
アセタゾラミド投与したところ、四肢にびまん性紅斑出現。	ATZ投与したところ、四肢にびまん性紅斑出現。	entailment
アセタゾラミド投与したところ、四肢にびまん性紅斑出現。	アセタゾラミド投与したところ、四肢に紅斑出現。	entailment
アセタゾラミド投与したところ、四肢にびまん性紅斑出現。	アセタゾラミド投与したところ、四肢に紅斑が出現。	entailment
アセタゾラミド投与したところ、四肢にびまん性紅斑出現。	アセタゾラミド投与したところ、四肢にびまん性紅斑が出現。	entailment
アセタゾラミド投与したところ、四肢にびまん性紅斑出現。	アセタゾラミド投与したところ、四肢にびまん性の紅斑が出現。	entailment
アセタゾラミド投与したところ、四肢にびまん性紅斑出現。	アセタゾラミド投与したところ、四肢に限局性紅斑出現。	neutral
ミノサイクロンに反応し治癒したことから、非定型抗酸菌症を考慮。	ミノサイクロンに反応し治癒したことから、定型抗酸菌症を考慮。	neutral
ミノサイクロンに反応し治癒したことから、非定型抗酸菌症を考慮。	ミノサイクロンに反応し治癒したことから、定型抗酸菌症を考慮しなかった。	neutral
ミノサイクロンに反応し治癒したことから、非定型抗酸菌症を考慮。	ミノサイクロンに反応し治癒したことから、抗酸菌症を考慮。	entailment
ミノサイクロンに反応し治癒したことから、非定型抗酸菌症を考慮。	ミノサイクロンに反応し治癒したことから、抗酸菌症を考慮しなかった。	contradiction
両下腿に多発性紅斑出現。	下腿に多発性紅斑出現。	entailment
両下腿に多発性紅斑出現。	右下腿に多発性紅斑出現。	entailment
両下腿に多発性紅斑出現。	左下腿に多発性紅斑出現。	entailment
両下腿に多発性紅斑出現。	両下腿に多発性紅斑が出現。	entailment
両下腿に多発性紅斑出現。	両下腿に多発性の紅斑が出現。	entailment
両下腿に多発性紅斑出現。	両下腿にびまん性紅斑が出現。	neutral
両下腿に多発性紅斑出現。	両下腿に紅斑が出現。	entailment
生検で非乾酪性肉芽腫を認めた。	生検で乾酪性肉芽腫を認めた。	contradiction
生検で非乾酪性肉芽腫を認めた。	生検で肉芽腫を認めた。	entailment
生検で非乾酪性肉芽腫を認めた。	生検で乾酪性肉芽腫を認めなかった。	neutral
生検で非乾酪性肉芽腫を認めた。	生検で肉芽腫を認めなかった。	contradiction
生検で非乾酪性肉芽腫を認めた。	生検で非乾酪性肉芽腫を認めなかった。	contradiction
急性虫垂炎であり、手術を目的に当科紹介された。	虫垂炎であり、手術を目的に当科紹介された。	entailment
急性虫垂炎であり、手術を目的に当科紹介された。	急性の虫垂炎であり、手術を目的に当科紹介された。	entailment
急性虫垂炎であり、手術を目的に当科紹介された。	慢性虫垂炎であり、手術を目的に当科紹介された。	neutral
急性虫垂炎であり、手術を目的に当科紹介された。	カタル性虫垂炎であり、手術を目的に当科紹介された。	neutral
急性虫垂炎であり、手術を目的に当科紹介された。	急性虫垂炎であり、手術を目的に当科に紹介された。	entailment
急性虫垂炎であり、手術を目的に当科紹介された。	急性虫垂炎であり、手術を目的に当科から紹介された。	contradiction
急性虫垂炎であり、手術を目的に当科紹介された。	急性虫垂炎であり、手術を目的に当科が紹介された。	neutral
急性虫垂炎であり、手術を目的に当科紹介された。	急性虫垂炎であり、手術を目的に当科を紹介された。	neutral
急性虫垂炎に対して抗生剤投与とした。	虫垂炎に対して抗生剤投与とした。	entailment
急性虫垂炎に対して抗生剤投与とした。	急性の虫垂炎に対して抗生剤投与とした。	entailment
急性虫垂炎に対して抗生剤投与とした。	慢性の虫垂炎に対して抗生剤投与とした。	neutral
急性虫垂炎に対して抗生剤投与とした。	急性虫垂炎に対して抗菌薬を投与した。	entailment
急性虫垂炎に対して抗生剤投与とした。	急性虫垂炎に対して抗生剤を投与した。	entailment
虫垂炎を契機に盲腸癌が見つかった。	虫垂炎を契機に癌が見つかった。	entailment
虫垂炎を契機に盲腸癌が見つかった。	虫垂炎を契機に大腸癌が見つかった。	entailment
虫垂炎を契機に盲腸癌が見つかった。	虫垂炎を契機に虫垂癌が見つかった。	neutral
基本動作改善を目的にリハビリ開始となる。	基本動作を改善することを目的にリハビリ開始となる。	entailment
基本動作改善を目的にリハビリ開始となる。	基本の動作を改善することを目的にリハビリ開始となる。	entailment
基本動作改善を目的にリハビリ開始となる。	基本の動作を目的にリハビリ開始となる。	neutral
基本動作改善を目的にリハビリ開始となる。	動作改善を目的にリハビリ開始となる。	entailment
基本動作改善を目的にリハビリ開始となる。	基本動作改善を目的にリハビリを開始する。	entailment
基本動作改善を目的にリハビリ開始となる。	基本動作改善を目的にリハビリを終了する。	neutral
義歯作成し、療養型病院へと転院した。	義歯を作成し、療養型病院へと転院した。	entailment
義歯作成し、療養型病院へと転院した。	義歯から作成し、療養型病院へと転院した。	neutral
義歯作成し、療養型病院へと転院した。	義歯作成し、療養型の病院へと転院した。	entailment
義歯作成し、療養型病院へと転院した。	義歯作成し、大学病院へと転院した。	neutral
プレガバリンは末梢性神経障害性疼痛に対して有効である。	プレガバリンは神経障害性疼痛に対して有効である。	entailment
プレガバリンは末梢性神経障害性疼痛に対して有効である。	プレガバリンは疼痛に対して有効である。	entailment
プレガバリンは末梢性神経障害性疼痛に対して有効である。	プレガバリンは神経障害性の疼痛に対して有効である。	entailment
プレガバリンは末梢性神経障害性疼痛に対して有効である。	プレガバリンは末梢性の神経障害性疼痛に対して有効である。	entailment
プレガバリンは末梢性神経障害性疼痛に対して有効である。	プレガバリンは侵害受容性疼痛に対して有効である。	neutral
プレガバリンは末梢性神経障害性疼痛に対して有効である。	プレガバリンは心因性疼痛に対して有効である。	neutral
転移性肝腫瘍は縮小傾向を認めた。	肝腫瘍は縮小傾向を認めた。	entailment
転移性肝腫瘍は縮小傾向を認めた。	転移性の肝腫瘍は縮小傾向を認めた。	entailment
転移性肝腫瘍は縮小傾向を認めた。	転移性腎腫瘍は縮小傾向を認めた。	neutral
転移性肝腫瘍は縮小傾向を認めた。	転移性肺腫瘍は縮小傾向を認めた。	neutral
転移性肝腫瘍は縮小傾向を認めた。	転移性肝腫瘍は縮小する傾向を認めた。	entailment
転移性肝腫瘍は縮小傾向を認めた。	転移性肝腫瘍は縮小した。	neutral
転移性肝腫瘍は縮小傾向を認めた。	転移性肝腫瘍は増大した。	contradiction
蜂窩織炎性急性虫垂炎を併発した好酸球性大腸炎と診断された。	急性虫垂炎を併発した好酸球性大腸炎と診断された。	entailment
蜂窩織炎性急性虫垂炎を併発した好酸球性大腸炎と診断された。	蜂窩織炎性虫垂炎を併発した好酸球性大腸炎と診断された。	entailment
蜂窩織炎性急性虫垂炎を併発した好酸球性大腸炎と診断された。	蜂窩織炎性の急性虫垂炎を併発した好酸球性大腸炎と診断された。	entailment
蜂窩織炎性急性虫垂炎を併発した好酸球性大腸炎と診断された。	蜂窩織炎性の虫垂炎を併発した好酸球性大腸炎と診断された。	entailment
蜂窩織炎性急性虫垂炎を併発した好酸球性大腸炎と診断された。	急性の虫垂炎を併発した好酸球性大腸炎と診断された。	entailment
蜂窩織炎性急性虫垂炎を併発した好酸球性大腸炎と診断された。	壊疽性虫垂炎を併発した好酸球性大腸炎と診断された。	neutral
蜂窩織炎性急性虫垂炎を併発した好酸球性大腸炎と診断された。	カタル性虫垂炎を併発した好酸球性大腸炎と診断された。	neutral
蜂窩織炎性急性虫垂炎を併発した好酸球性大腸炎と診断された。	蜂窩織炎性急性虫垂炎を併発した好酸球性胃腸炎と診断された。	neutral
蜂窩織炎性急性虫垂炎を併発した好酸球性大腸炎と診断された。	蜂窩織炎性急性虫垂炎を併発した大腸炎と診断された。	entailment
蜂窩織炎性急性虫垂炎を併発した好酸球性大腸炎と診断された。	蜂窩織炎性急性虫垂炎を併発した好酸球性の大腸炎と診断された。	entailment
蜂窩織炎性急性虫垂炎を併発した好酸球性大腸炎と診断された。	蜂窩織炎性急性虫垂炎を併発した潰瘍性大腸炎と診断された。	neutral
盲腸に腫瘤性病変を触知した。	盲腸に腫瘤性の病変を触知した。	entailment
盲腸に腫瘤性病変を触知した。	盲腸に非腫瘤性病変を触知した。	neutral
盲腸に腫瘤性病変を触知した。	盲腸に炎症性病変を触知した。	neutral
盲腸に腫瘤性病変を触知した。	盲腸に潰瘍性病変を触知した。	neutral
盲腸に腫瘤性病変を触知した。	盲腸に病変を触知した。	entailment
患者がアルコール性膵炎発症した。	患者がアルコール性の膵炎を発症した。	entailment
患者がアルコール性膵炎発症した。	患者が膵炎を発症した。	entailment
患者がアルコール性膵炎発症した。	患者が膵炎発症した。	entailment
患者がアルコール性膵炎発症した。	患者がアルコール性膵炎を発症した。	entailment
患者がアルコール性膵炎発症した。	患者がアルコール性肝炎を発症した。	neutral
患者がアルコール性膵炎発症した。	患者が胆石性膵炎を発症した。	neutral
患者がアルコール性膵炎発症した。	患者が急性膵炎発症した。	neutral
患者がアルコール性膵炎発症した。	患者が慢性膵炎を発症した。	neutral
検査でアミラーゼ上昇を認めた。	アミラーゼが上昇した。	entailment
検査でアミラーゼ上昇を認めた。	検査でアミラーゼを上昇した。	neutral
検査でアミラーゼ上昇を認めた。	アミラーゼが低下した。	neutral
卵巣腫瘍切除を行った。	卵巣腫瘍を切除した。	entailment
卵巣腫瘍切除を行った。	腫瘍を切除した。	entailment
卵巣腫瘍切除を行った。	卵巣の腫瘍を切除した。	entailment
卵巣腫瘍切除を行った。	子宮筋腫を切除した。	neutral
卵巣腫瘍切除を行った。	胚細胞腫瘍を切除した。	neutral
炎症反応改善傾向であった。	炎症反応が改善する傾向であった。	entailment
炎症反応改善傾向であった。	炎症反応が改善した。	neutral
炎症反応改善傾向であった。	炎症反応が悪化する傾向であった。	contradiction
診断は急性出血性壊疽性胆嚢炎であった。	診断は胆嚢炎であった。	entailment
診断は急性出血性壊疽性胆嚢炎であった。	診断は壊疽性胆嚢炎であった。	entailment
診断は急性出血性壊疽性胆嚢炎であった。	診断は急性胆嚢炎であった。	entailment
診断は急性出血性壊疽性胆嚢炎であった。	診断は出血性胆嚢炎であった。	entailment
診断は急性出血性壊疽性胆嚢炎であった。	診断は気腫性胆嚢炎であった。	neutral
診断は急性出血性壊疽性胆嚢炎であった。	診断は化膿性胆嚢炎であった。	neutral
当院循環器内科入院。	当院の循環器内科に入院した。	entailment
当院循環器内科入院。	循環器内科に入院した。	entailment
当院循環器内科入院。	他院の循環器内科に入院した。	neutral
当院循環器内科入院。	当院の循環器内科に通院した。	neutral
気腫性胆嚢炎と診断され、消化器内科転科。	気腫性の胆嚢炎と診断され、消化器内科転科。	entailment
気腫性胆嚢炎と診断され、消化器内科転科。	胆嚢炎と診断され、消化器内科転科。	entailment
気腫性胆嚢炎と診断され、消化器内科転科。	急性胆嚢炎と診断され、消化器内科転科。	entailment
気腫性胆嚢炎と診断され、消化器内科転科。	化膿性胆嚢炎と診断され、消化器内科転科。	neutral
気腫性胆嚢炎と診断され、消化器内科転科。	気腫性胆嚢炎と診断され、消化器内科に転科した。	entailment
気腫性胆嚢炎と診断され、消化器内科転科。	気腫性胆嚢炎と診断され、消化器内科に入院した。	neutral
気腫性胆嚢炎と診断され、消化器内科転科。	気腫性胆嚢炎と診断され、消化器内科に転院した。	neutral
ドレーン留置し、手術終了とした。	ドレーンを留置した。	entailment
ドレーン留置し、手術終了とした。	ドレーンに留置した。	contradiction
ドレーン留置し、手術終了とした。	ドレーン留置し、手術を終了した。	entailment
ドレーン留置し、手術終了とした。	ドレーン留置し、手術を開始した。	contradiction
気腫性胆嚢炎は急性胆嚢炎である。	急性胆嚢炎は気腫性胆嚢炎である。	contradiction
腹痛を主訴とし、当院消化器内科受診。	腹痛を主訴とし、当院の消化器内科を受診した。	entailment
腹痛を主訴とし、当院消化器内科受診。	腹痛を主訴とし、消化器内科を受診した。	entailment
腹痛を主訴とし、当院消化器内科受診。	腹痛を主訴とし、他院の消化器内科を受診した。	neutral
腹痛を主訴とし、当院消化器内科受診。	腹痛を主訴とし、当院の消化器内科に入院した。	neutral
気腫性胆嚢炎は急性胆嚢炎である。	気腫性胆嚢炎は胆嚢炎である。	entailment
気腫性胆嚢炎は急性胆嚢炎である。	胆嚢炎は急性胆嚢炎である。	neutral
胆石性胆嚢炎を発症したため、当科紹介となった。	胆嚢炎を発症したため、当科紹介となった。	entailment
胆石性胆嚢炎を発症したため、当科紹介となった。	気腫性胆嚢炎を発症したため、当科紹介となった。	neutral
胆石性胆嚢炎を発症したため、当科紹介となった。	胆石性の胆嚢炎を発症したため、当科紹介となった。	entailment
胆石性胆嚢炎を発症したため、当科紹介となった。	壊疽性の胆嚢炎を発症したため、当科紹介となった。	neutral
胆石性胆嚢炎を発症したため、当科紹介となった。	胆石性胆嚢炎を発症したため、当科に紹介となった。	entailment
胆石性胆嚢炎を発症したため、当科紹介となった。	胆石性胆嚢炎を発症したため、当科に紹介された。	entailment
胆石性胆嚢炎を発症したため、当科紹介となった。	胆石性胆嚢炎を発症したため、当科に入院した。	neutral
胆石性胆嚢炎を発症したため、当科紹介となった。	胆石性胆嚢炎を発症したため、当科から紹介した。	neutral
瘤径が増大傾向であり、当科紹介となり、加療を目的に当科入院となった。	瘤径が増大する傾向であり、当科紹介となり、加療を目的に当科入院となった。	entailment
瘤径が増大傾向であり、当科紹介となり、加療を目的に当科入院となった。	瘤径が縮小する傾向である。	contradiction
瘤径が増大傾向であり、当科紹介となり、加療を目的に当科入院となった。	瘤径が増大傾向であり、当科に紹介となった。	entailment
瘤径が増大傾向であり、当科紹介となり、加療を目的に当科入院となった。	瘤径が増大傾向であり、当科に入院となった。	entailment
直腸癌左副腎転移との診断であった。	直腸癌が左副腎に転移したとの診断であった。	entailment
直腸癌左副腎転移との診断であった。	直腸癌が副腎に転移したとの診断であった。	entailment
直腸癌左副腎転移との診断であった。	直腸癌が右副腎に転移したとの診断であった。	neutral
直腸癌左副腎転移との診断であった。	癌が右副腎に転移したとの診断であった。	entailment
精査を目的に当院紹介となった。	精査を目的に当院に紹介となった。	entailment
精査を目的に当院紹介となった。	精査を目的に当院から紹介となった。	contradiction
隆起性腫瘍を認め、生検で胃平滑筋肉腫と診断された。	隆起性の腫瘍を認め、生検で胃平滑筋肉腫と診断された。	entailment
隆起性腫瘍を認め、生検で胃平滑筋肉腫と診断された。	腫瘍を認め、生検で胃平滑筋肉腫と診断された。	entailment
隆起性腫瘍を認め、生検で胃平滑筋肉腫と診断された。	上皮性腫瘍を認め、生検で胃平滑筋肉腫と診断された。	neutral
隆起性腫瘍を認め、生検で胃平滑筋肉腫と診断された。	隆起性腫瘍を認め、生検で平滑筋肉腫と診断された。	entailment
隆起性腫瘍を認め、生検で胃平滑筋肉腫と診断された。	隆起性腫瘍を認め、生検で直腸平滑筋肉腫と診断された。	neutral
隆起性腫瘍を認め、生検で胃平滑筋肉腫と診断された。	隆起性腫瘍を認め、生検で子宮平滑筋肉腫と診断された。	neutral
限局性腹膜炎と診断された。	限局性の腹膜炎と診断された。	entailment
限局性腹膜炎と診断された。	腹膜炎と診断された。	entailment
限局性腹膜炎と診断された。	汎発性の腹膜炎と診断された。	neutral
皮膚結節は消褪傾向となった。	結節は消褪傾向となった。	entailment
皮膚結節は消褪傾向となった。	粉瘤は消褪傾向となった。	neutral
皮膚結節は消褪傾向となった。	皮膚結節は消褪する傾向となった。	entailment
皮膚結節は消褪傾向となった。	皮膚結節は消褪した。	neutral
2型腫瘍を認め、S状結腸切除した。	腫瘍を認め、S状結腸切除した。	entailment
2型腫瘍を認め、S状結腸切除した。	2型の腫瘍を認め、S状結腸切除した。	entailment
2型腫瘍を認め、S状結腸切除した。	1型腫瘍を認め、S状結腸切除した。	neutral
2型腫瘍を認め、S状結腸切除した。	3型腫瘍を認め、S状結腸切除した。	neutral
2型腫瘍を認め、S状結腸切除した。	2型腫瘍を認め、S状結腸を切除した。	entailment
2型腫瘍を認め、S状結腸切除した。	2型腫瘍を認め、結腸を切除した。	neutral
2型腫瘍を認め、S状結腸切除した。	2型腫瘍を認め、下行結腸を切除した。	neutral
虫垂による癒着性イレウスが疑われた。	虫垂によるイレウスが疑われた。	entailment
虫垂による癒着性イレウスが疑われた。	虫垂による絞扼性イレウスが疑われた。	neutral
虫垂による癒着性イレウスが疑われた。	虫垂による癒着性のイレウスが疑われた。	entailment
虫垂による癒着性イレウスが疑われた。	虫垂による腸閉塞が疑われた。	entailment
特発性後腹膜血腫と診断した。	特発性の後腹膜血腫と診断した。	entailment
特発性後腹膜血腫と診断した。	後腹膜血腫と診断した。	entailment
特発性後腹膜血腫と診断した。	血腫と診断した。	entailment
特発性後腹膜血腫と診断した。	特発性の血腫と診断した。	entailment
胃癌肝転移となった。	胃癌が肝転移となった。	entailment
胃癌肝転移となった。	胃癌が肝に転移した。	entailment
胃癌肝転移となった。	癌が胃に転移した。	neutral
CT検査にて後腹膜腫瘍判明。	検査にて後腹膜腫瘍判明。	entailment
CT検査にて後腹膜腫瘍判明。	MRI検査にて後腹膜腫瘍判明。	neutral
CT検査にて後腹膜腫瘍判明。	CT検査にて後腹膜腫瘍が判明。	entailment
CT検査にて後腹膜腫瘍判明。	CT検査にて腫瘍が判明。	entailment
CT検査にて後腹膜腫瘍判明。	CT検査にて腹膜腫瘍が判明。	neutral
腫瘍生検にて非上皮性悪性腫瘍と診断された。	生検にて非上皮性悪性腫瘍と診断された。	entailment
腫瘍生検にて非上皮性悪性腫瘍と診断された。	腫瘍生検にて上皮性悪性腫瘍と診断された。	contradiction
腫瘍生検にて非上皮性悪性腫瘍と診断された。	腫瘍生検にて悪性腫瘍と診断された。	entailment
腫瘍生検にて非上皮性悪性腫瘍と診断された。	腫瘍生検にて非上皮性腫瘍と診断された。	entailment
腫瘍生検にて非上皮性悪性腫瘍と診断された。	腫瘍生検にて上皮性腫瘍と診断された。	contradiction
腫瘍生検にて非上皮性悪性腫瘍と診断された。	腫瘍生検にて非上皮性の腫瘍と診断された。	entailment
腫瘍生検にて非上皮性悪性腫瘍と診断された。	腫瘍生検にて上皮性の腫瘍と診断された。	neutral
食道癌が転移再発した。	癌が転移再発した。	entailment
食道癌が転移再発した。	胃癌が転移再発した。	neutral
食道癌が転移再発した。	食道癌が再発した。	entailment
食道癌が転移再発した。	食道癌が転移した。	entailment
食道癌が転移再発した。	食道癌が転移して再発した。	entailment
仮性動脈瘤が認められた。	動脈瘤が認められた。	entailment
仮性動脈瘤が認められた。	偽性動脈瘤が認められた。	entailment
仮性動脈瘤が認められた。	真性動脈瘤が認められた。	neutral
退院した後、癌は無再発である。	退院した後、癌は再発した。	contradiction
退院した後、癌は無再発である。	退院した後、癌は再発しなかった。	entailment
膀胱癌が再発進行しなかった。	肺癌が再発進行しなかった。	neutral
膀胱癌が再発進行しなかった。	膀胱癌が再発しなかった。	entailment
膀胱癌が再発進行しなかった。	膀胱癌が進行しなかった。	entailment
慢性血栓塞栓性肺高血圧症は、特定疾患である。	慢性血栓塞栓性肺高血圧症は、特定疾患である。	entailment
慢性血栓塞栓性肺高血圧症は、特定疾患である。	CTEPHは、特定疾患である。	entailment
慢性血栓塞栓性肺高血圧症は、特定疾患である。	肺高血圧症は、特定疾患である。	neutral